01-2000-03,-0.749
01-2000-04,-2.246
01-2000-05,0.554
01-2000-06,0.875
01-2000-07,0.945
01-2000-10,1.009
01-2000-11,0.419
01-2000-12,0.995
01-2000-13,0.703
01-2000-14,0.948
01-2000-18,-0.539
01-2000-19,0.299
01-2000-20,-0.92
01-2000-21,-0.1
01-2000-24,-1.989
01-2000-25,-0.134
01-2000-26,0.8
01-2000-27,-0.068
01-2000-28,-1.582
01-2000-31,0.703
02-2000-01,0.915
02-2000-02,0.713
02-2000-03,-0.431
02-2000-04,0.511
02-2000-07,0.04
02-2000-08,1.204
02-2000-09,-1.226
02-2000-10,0.314
02-2000-11,-1.535
02-2000-14,1.196
02-2000-15,0.955
02-2000-16,-0.258
02-2000-17,0.124
02-2000-18,-1.855
02-2000-22,0.076
02-2000-23,-0.059
02-2000-24,-1.71
02-2000-25,-1.272
02-2000-28,1.087
02-2000-29,1.111
03-2000-01,0.546
03-2000-02,0.67
03-2000-03,1.013
03-2000-06,-1.538
03-2000-07,-3.766
03-2000-08,0.274
03-2000-09,-0.236
03-2000-10,-0.075
03-2000-13,-0.874
03-2000-14,-0.559
03-2000-15,0.673
03-2000-16,1.0
03-2000-17,0.34
03-2000-20,0.93
03-2000-21,0.19
03-2000-22,-0.36
03-2000-23,0.44
03-2000-24,0.344
03-2000-27,-0.174
03-2000-28,0.037
03-2000-29,0.709
03-2000-30,0.027
03-2000-31,0.247
04-2000-03,0.848
04-2000-04,-1.997
04-2000-05,-0.052
04-2000-06,0.849
04-2000-07,0.517
04-2000-10,0.75
04-2000-11,0.409
04-2000-12,-0.083
04-2000-13,-0.339
04-2000-14,-3.196
04-2000-17,0.453
04-2000-18,0.778
04-2000-19,0.194
04-2000-20,0.832
04-2000-24,0.138
04-2000-25,0.65
04-2000-26,-0.418
04-2000-27,-0.243
04-2000-28,-0.146
05-2000-01,0.716
05-2000-02,0.008
05-2000-03,-2.373
05-2000-04,0.251
05-2000-05,0.628
05-2000-08,0.474
05-2000-09,0.03
05-2000-10,-1.456
05-2000-11,0.969
05-2000-12,0.918
05-2000-15,0.952
05-2000-16,0.969
05-2000-17,-0.822
05-2000-18,0.893
05-2000-19,-0.979
05-2000-22,-1.6
05-2000-23,-0.262
05-2000-24,0.397
05-2000-25,-1.686
05-2000-26,0.324
05-2000-30,0.969
05-2000-31,0.592
06-2000-01,0.684
06-2000-02,0.949
06-2000-05,0.384
06-2000-06,-0.641
06-2000-07,0.419
06-2000-08,-1.584
06-2000-09,-0.299
06-2000-12,0.245
06-2000-13,-0.013
06-2000-14,0.842
06-2000-15,0.667
06-2000-16,-2.766
06-2000-19,0.834
06-2000-20,-1.14
06-2000-21,0.44
06-2000-22,-1.272
06-2000-23,0.949
06-2000-26,0.949
06-2000-27,0.436
06-2000-28,0.949
06-2000-29,-1.326
06-2000-30,0.161
07-2000-03,0.442
07-2000-05,-0.517
07-2000-06,-0.789
07-2000-07,1.022
07-2000-10,0.565
07-2000-11,0.565
07-2000-12,1.022
07-2000-13,0.602
07-2000-14,0.21
07-2000-17,-0.268
07-2000-18,-0.948
07-2000-19,0.229
07-2000-20,1.022
07-2000-21,-1.589
07-2000-24,-0.065
07-2000-25,0.835
07-2000-26,-2.522
07-2000-27,1.022
07-2000-28,-1.652
07-2000-31,0.684
08-2000-01,0.942
08-2000-02,0.535
08-2000-03,-0.425
08-2000-04,-0.228
08-2000-07,0.105
08-2000-08,0.341
08-2000-09,-1.05
08-2000-10,0.74
08-2000-11,1.047
08-2000-14,0.555
08-2000-15,-2.466
08-2000-16,-1.872
08-2000-17,0.397
08-2000-18,-0.119
08-2000-21,0.251
08-2000-22,1.113
08-2000-23,-0.843
08-2000-24,0.473
08-2000-25,0.381
08-2000-28,0.984
08-2000-29,-0.334
08-2000-30,-2.011
08-2000-31,1.129
09-2000-01,1.34
09-2000-05,0.755
09-2000-06,1.334
09-2000-07,-0.126
09-2000-08,0.223
09-2000-11,0.071
09-2000-12,0.013
09-2000-13,0.008
09-2000-14,-0.56
09-2000-15,-1.361
09-2000-18,-0.686
09-2000-19,0.545
09-2000-20,-2.249
09-2000-21,1.024
09-2000-22,0.446
09-2000-25,0.323
09-2000-26,-1.67
09-2000-27,0.521
09-2000-28,1.235
09-2000-29,-1.36
10-2000-02,0.5
10-2000-03,0.728
10-2000-04,0.648
10-2000-05,0.225
10-2000-06,-0.985
10-2000-09,0.311
10-2000-10,0.067
10-2000-11,-0.674
10-2000-12,-2.574
10-2000-13,0.585
10-2000-16,0.67
10-2000-17,-1.055
10-2000-18,-2.827
10-2000-19,0.728
10-2000-20,0.122
10-2000-23,0.612
10-2000-24,0.728
10-2000-25,-0.006
10-2000-26,0.222
10-2000-27,0.722
10-2000-30,0.649
10-2000-31,0.538
11-2000-01,-0.333
11-2000-02,0.699
11-2000-03,-0.312
11-2000-06,0.945
11-2000-07,0.488
11-2000-08,0.505
11-2000-09,-2.022
11-2000-10,-1.235
11-2000-13,-1.391
11-2000-14,1.06
11-2000-15,0.568
11-2000-16,0.343
11-2000-17,0.068
11-2000-20,-0.84
11-2000-21,0.513
11-2000-22,-0.164
11-2000-24,0.986
11-2000-27,1.06
11-2000-28,0.536
11-2000-29,0.822
11-2000-30,-2.397
12-2000-01,0.081
12-2000-04,0.2
12-2000-05,0.884
12-2000-06,-2.362
12-2000-07,0.159
12-2000-08,0.88
12-2000-11,0.302
12-2000-12,0.624
12-2000-13,0.82
12-2000-14,-1.227
12-2000-15,-1.632
12-2000-18,0.884
12-2000-19,0.173
12-2000-20,-2.206
12-2000-21,0.705
12-2000-22,0.649
12-2000-26,0.405
12-2000-27,0.352
12-2000-28,0.642
12-2000-29,-0.418
01-2001-02,-1.839
01-2001-03,0.434
01-2001-04,0.431
01-2001-05,-3.049
01-2001-08,-0.882
01-2001-09,-0.142
01-2001-10,-0.17
01-2001-11,0.567
01-2001-12,-0.851
01-2001-16,0.695
01-2001-17,-0.47
01-2001-18,1.031
01-2001-19,-0.566
01-2001-22,0.195
01-2001-23,0.957
01-2001-24,0.802
01-2001-25,0.818
01-2001-26,-0.263
01-2001-29,0.612
01-2001-30,0.999
01-2001-31,0.535
02-2001-01,0.978
02-2001-02,-0.579
02-2001-05,1.137
02-2001-06,0.811
02-2001-07,0.744
02-2001-08,0.313
02-2001-09,-0.433
02-2001-12,1.154
02-2001-13,0.495
02-2001-14,-0.371
02-2001-15,1.261
02-2001-16,-0.96
02-2001-20,0.264
02-2001-21,-1.496
02-2001-22,-0.87
02-2001-23,-1.965
02-2001-26,0.909
02-2001-27,0.187
02-2001-28,-1.699
03-2001-01,-0.331
03-2001-02,0.052
03-2001-05,1.006
03-2001-06,1.009
03-2001-07,1.009
03-2001-08,0.897
03-2001-09,-0.897
03-2001-12,-2.312
03-2001-13,0.314
03-2001-14,-1.692
03-2001-15,0.994
03-2001-16,-0.463
03-2001-19,0.826
03-2001-20,-0.701
03-2001-21,-0.792
03-2001-22,-1.694
03-2001-23,0.605
03-2001-26,1.009
03-2001-27,0.741
03-2001-28,-0.718
03-2001-29,0.324
03-2001-30,0.736
04-2001-02,-0.968
04-2001-03,-2.968
04-2001-04,-0.202
04-2001-05,1.003
04-2001-06,-1.469
04-2001-09,0.799
04-2001-10,0.993
04-2001-11,-0.797
04-2001-12,0.101
04-2001-16,0.182
04-2001-17,0.13
04-2001-18,1.003
04-2001-19,0.385
04-2001-20,-0.981
04-2001-23,-0.003
04-2001-24,0.067
04-2001-25,0.895
04-2001-26,0.896
04-2001-27,1.003
04-2001-30,-0.168
05-2001-01,1.48
05-2001-02,-0.465
05-2001-03,-1.432
05-2001-04,-0.859
05-2001-07,0.361
05-2001-08,-0.797
05-2001-09,0.037
05-2001-10,1.53
05-2001-11,-1.142
05-2001-14,1.144
05-2001-15,0.31
05-2001-16,0.527
05-2001-17,0.799
05-2001-18,0.492
05-2001-21,0.21
05-2001-22,-0.465
05-2001-23,-1.588
05-2001-24,0.294
05-2001-25,-1.024
05-2001-29,0.849
05-2001-30,-1.818
05-2001-31,1.386
06-2001-01,0.149
06-2001-04,0.639
06-2001-05,1.318
06-2001-06,-0.628
06-2001-07,0.488
06-2001-08,-1.395
06-2001-11,-0.344
06-2001-12,-0.784
06-2001-13,0.2
06-2001-14,-2.391
06-2001-15,-0.554
06-2001-18,1.515
06-2001-19,-0.095
06-2001-20,1.085
06-2001-21,0.709
06-2001-22,-1.103
06-2001-25,-1.049
06-2001-26,-0.327
06-2001-27,0.455
06-2001-28,1.665
06-2001-29,0.235
07-2001-02,0.658
07-2001-03,0.361
07-2001-05,-0.355
07-2001-06,-2.63
07-2001-09,0.751
07-2001-10,-0.851
07-2001-11,0.415
07-2001-12,1.222
07-2001-13,0.535
07-2001-16,-0.149
07-2001-17,0.773
07-2001-18,-0.484
07-2001-19,0.466
07-2001-20,0.067
07-2001-23,-1.138
07-2001-24,-2.082
07-2001-25,1.214
07-2001-26,-0.57
07-2001-27,0.072
07-2001-30,0.363
07-2001-31,1.219
08-2001-01,0.672
08-2001-02,1.343
08-2001-03,-0.475
08-2001-06,-0.665
08-2001-07,0.986
08-2001-08,-1.583
08-2001-09,0.012
08-2001-10,-0.205
08-2001-13,0.646
08-2001-14,0.876
08-2001-15,0.312
08-2001-16,0.247
08-2001-17,-1.836
08-2001-20,0.894
08-2001-21,-1.207
08-2001-22,0.786
08-2001-23,0.365
08-2001-24,1.207
08-2001-27,0.715
08-2001-28,-1.272
08-2001-29,-0.971
08-2001-30,-1.889
08-2001-31,0.849
09-2001-04,0.782
09-2001-05,0.454
09-2001-06,-0.038
09-2001-07,-0.478
09-2001-10,0.467
09-2001-17,-2.738
09-2001-18,0.73
09-2001-19,-1.244
09-2001-20,-0.969
09-2001-21,-0.54
09-2001-24,1.066
09-2001-25,0.525
09-2001-26,0.34
09-2001-27,0.545
09-2001-28,1.066
10-2001-01,-0.249
10-2001-02,0.935
10-2001-03,0.2
10-2001-04,0.252
10-2001-05,-0.154
10-2001-08,-0.086
10-2001-09,0.557
10-2001-10,0.717
10-2001-11,1.535
10-2001-12,-1.839
10-2001-15,-0.064
10-2001-16,0.789
10-2001-17,-1.016
10-2001-18,0.024
10-2001-19,0.25
10-2001-22,0.963
10-2001-23,0.3
10-2001-24,0.552
10-2001-25,-1.041
10-2001-26,0.924
10-2001-29,-2.756
10-2001-30,-1.582
10-2001-31,0.607
11-2001-01,-0.298
11-2001-02,0.03
11-2001-05,1.014
11-2001-06,0.107
11-2001-07,-0.104
11-2001-08,1.022
11-2001-09,-0.193
11-2001-12,-2.549
11-2001-13,1.022
11-2001-14,0.846
11-2001-15,0.725
11-2001-16,-0.407
11-2001-19,1.022
11-2001-20,-0.337
11-2001-21,-0.746
11-2001-23,1.021
11-2001-26,-0.023
11-2001-27,-1.675
11-2001-28,-1.879
11-2001-29,0.679
11-2001-30,0.554
12-2001-03,-1.85
12-2001-04,0.592
12-2001-05,1.04
12-2001-06,0.367
12-2001-07,-0.887
12-2001-10,-1.462
12-2001-11,-0.131
12-2001-12,-0.577
12-2001-13,-1.831
12-2001-14,0.476
12-2001-17,0.829
12-2001-18,1.028
12-2001-19,-0.45
12-2001-20,-0.533
12-2001-21,1.04
12-2001-24,0.997
12-2001-26,1.028
12-2001-27,0.884
12-2001-28,0.56
12-2001-31,-1.295
01-2002-02,-0.294
01-2002-03,0.75
01-2002-04,1.075
01-2002-07,-0.086
01-2002-08,-0.105
01-2002-09,-0.257
01-2002-10,0.125
01-2002-11,-0.266
01-2002-14,-0.459
01-2002-15,0.666
01-2002-16,-2.242
01-2002-17,1.108
01-2002-18,-0.4
01-2002-22,-0.127
01-2002-23,0.611
01-2002-24,1.108
01-2002-25,0.486
01-2002-28,0.383
01-2002-29,-2.95
01-2002-30,-0.354
01-2002-31,1.108
02-2002-01,0.069
02-2002-04,-2.886
02-2002-05,-0.259
02-2002-06,-0.136
02-2002-07,0.702
02-2002-08,0.337
02-2002-11,0.662
02-2002-12,-0.045
02-2002-13,1.182
02-2002-14,0.638
02-2002-15,-0.729
02-2002-19,-1.751
02-2002-20,1.036
02-2002-21,-0.631
02-2002-22,0.49
02-2002-25,1.121
02-2002-26,-0.819
02-2002-27,0.129
02-2002-28,0.728
03-2002-01,1.028
03-2002-04,1.006
03-2002-05,-1.744
03-2002-06,0.926
03-2002-07,-0.796
03-2002-08,1.028
03-2002-11,0.294
03-2002-12,-0.528
03-2002-13,-1.405
03-2002-14,0.585
03-2002-15,0.945
03-2002-18,-0.363
03-2002-19,1.013
03-2002-20,-1.152
03-2002-21,-1.426
03-2002-22,-0.494
03-2002-25,-1.432
03-2002-26,0.966
03-2002-27,0.805
03-2002-28,0.596
04-2002-01,-0.834
04-2002-02,-0.021
04-2002-03,-1.378
04-2002-04,0.706
04-2002-05,1.088
04-2002-08,-0.829
04-2002-09,0.603
04-2002-10,1.383
04-2002-11,-2.216
04-2002-12,0.744
04-2002-15,-0.525
04-2002-16,1.379
04-2002-17,-0.402
04-2002-18,-1.22
04-2002-19,1.383
04-2002-22,-0.969
04-2002-23,0.298
04-2002-24,0.383
04-2002-25,-0.253
04-2002-26,-0.647
04-2002-29,-0.202
04-2002-30,1.383
05-2002-01,-0.64
05-2002-02,0.963
05-2002-03,-1.2
05-2002-06,-2.03
05-2002-07,1.253
05-2002-08,1.253
05-2002-09,-0.756
05-2002-10,-0.701
05-2002-13,0.944
05-2002-14,1.253
05-2002-15,0.178
05-2002-16,1.063
05-2002-17,0.684
05-2002-20,-1.021
05-2002-21,-1.109
05-2002-22,0.671
05-2002-23,0.07
05-2002-24,-0.855
05-2002-28,-1.145
05-2002-29,0.358
05-2002-30,-0.616
05-2002-31,1.25
06-2002-03,-1.358
06-2002-04,0.057
06-2002-05,1.682
06-2002-06,-1.099
06-2002-07,0.026
06-2002-10,1.341
06-2002-11,-0.239
06-2002-12,0.783
06-2002-13,0.01
06-2002-14,-1.609
06-2002-17,1.685
06-2002-18,1.027
06-2002-19,-0.52
06-2002-20,-0.195
06-2002-21,-1.223
06-2002-24,-0.654
06-2002-25,-0.728
06-2002-26,-0.83
06-2002-27,0.478
06-2002-28,1.234
07-2002-01,0.377
07-2002-02,0.272
07-2002-03,0.584
07-2002-05,1.541
07-2002-08,0.351
07-2002-09,-0.141
07-2002-10,-0.977
07-2002-11,-0.276
07-2002-12,-0.267
07-2002-15,-2.294
07-2002-16,-0.47
07-2002-17,1.335
07-2002-18,0.345
07-2002-19,-2.32
07-2002-22,-1.076
07-2002-23,0.639
07-2002-24,0.084
07-2002-25,-0.568
07-2002-26,0.855
07-2002-29,1.541
07-2002-30,0.074
07-2002-31,0.297
08-2002-01,-1.478
08-2002-02,-2.059
08-2002-05,-1.831
08-2002-06,1.549
08-2002-07,0.739
08-2002-08,1.238
08-2002-09,-0.023
08-2002-12,-0.367
08-2002-13,-0.965
08-2002-14,0.039
08-2002-15,0.865
08-2002-16,0.307
08-2002-19,1.267
08-2002-20,-0.421
08-2002-21,0.744
08-2002-22,1.139
08-2002-23,-1.105
08-2002-26,0.137
08-2002-27,-0.074
08-2002-28,-0.58
08-2002-29,-0.04
08-2002-30,0.79
09-2002-03,-2.08
09-2002-04,1.013
09-2002-05,-0.644
09-2002-06,1.279
09-2002-09,0.234
09-2002-10,1.11
09-2002-11,0.957
09-2002-12,-0.764
09-2002-13,0.05
09-2002-16,0.767
09-2002-17,-0.56
09-2002-18,-0.152
09-2002-19,-0.905
09-2002-20,1.053
09-2002-23,-0.579
09-2002-24,-0.663
09-2002-25,1.076
09-2002-26,1.279
09-2002-27,-1.572
09-2002-30,-0.974
10-2002-01,1.519
10-2002-02,-1.097
10-2002-03,0.711
10-2002-04,-1.807
10-2002-07,-0.145
10-2002-08,0.25
10-2002-09,-1.407
10-2002-10,0.324
10-2002-11,1.519
10-2002-14,0.141
10-2002-15,1.519
10-2002-16,-1.422
10-2002-17,1.518
10-2002-18,-0.371
10-2002-21,0.306
10-2002-22,-0.605
10-2002-23,-0.554
10-2002-24,-1.406
10-2002-25,0.726
10-2002-28,-0.142
10-2002-29,-0.757
10-2002-30,0.759
10-2002-31,0.295
11-2002-01,-0.299
11-2002-04,1.086
11-2002-05,0.695
11-2002-06,-0.312
11-2002-07,-2.39
11-2002-08,-0.31
11-2002-11,-1.908
11-2002-12,1.086
11-2002-13,-0.226
11-2002-14,1.086
11-2002-15,-0.118
11-2002-18,-0.506
11-2002-19,-0.197
11-2002-20,0.595
11-2002-21,1.086
11-2002-22,0.42
11-2002-25,0.299
11-2002-26,-1.71
11-2002-27,1.086
11-2002-29,0.405
12-2002-02,-0.637
12-2002-03,-1.127
12-2002-04,0.095
12-2002-05,-0.974
12-2002-06,-0.704
12-2002-09,-1.792
12-2002-10,1.702
12-2002-11,0.029
12-2002-12,0.109
12-2002-13,-0.581
12-2002-16,1.748
12-2002-17,-0.347
12-2002-18,-0.8
12-2002-19,-0.602
12-2002-20,1.787
12-2002-23,0.767
12-2002-24,0.775
12-2002-26,0.947
12-2002-27,-1.23
12-2002-30,0.708
12-2002-31,-0.083
01-2003-02,1.266
01-2003-03,0.489
01-2003-06,1.256
01-2003-07,0.371
01-2003-08,-0.955
01-2003-09,1.265
01-2003-10,0.034
01-2003-13,0.684
01-2003-14,0.683
01-2003-15,-0.751
01-2003-16,0.581
01-2003-17,-0.683
01-2003-21,-0.845
01-2003-22,-0.629
01-2003-23,0.341
01-2003-24,-2.376
01-2003-27,-1.168
01-2003-28,1.266
01-2003-29,-0.772
01-2003-30,-1.165
01-2003-31,0.944
02-2003-03,1.62
02-2003-04,-1.733
02-2003-05,0.699
02-2003-06,-0.367
02-2003-07,-0.402
02-2003-10,0.347
02-2003-11,-0.639
02-2003-12,-0.012
02-2003-13,-0.898
02-2003-14,1.115
02-2003-18,1.62
02-2003-19,-0.325
02-2003-20,-0.531
02-2003-21,0.413
02-2003-24,-1.662
02-2003-25,-1.08
02-2003-26,-0.621
02-2003-27,1.264
02-2003-28,1.014
03-2003-03,0.375
03-2003-04,-0.512
03-2003-05,0.729
03-2003-06,-0.269
03-2003-07,-0.181
03-2003-10,-1.126
03-2003-11,0.637
03-2003-12,-0.074
03-2003-13,1.278
03-2003-14,0.974
03-2003-17,0.232
03-2003-18,0.655
03-2003-19,0.589
03-2003-20,-0.511
03-2003-21,1.278
03-2003-24,-3.129
03-2003-25,0.795
03-2003-26,0.046
03-2003-27,-0.358
03-2003-28,0.034
03-2003-31,-1.577
04-2003-01,0.787
04-2003-02,1.067
04-2003-03,0.04
04-2003-04,0.524
04-2003-07,1.067
04-2003-08,0.244
04-2003-09,-1.151
04-2003-10,-0.064
04-2003-11,0.144
04-2003-14,1.016
04-2003-15,0.213
04-2003-16,-2.597
04-2003-17,0.633
04-2003-21,0.327
04-2003-22,-0.262
04-2003-23,0.354
04-2003-24,-1.42
04-2003-25,-2.139
04-2003-28,1.029
04-2003-29,0.417
04-2003-30,-0.408
05-2003-01,-1.723
05-2003-02,0.271
05-2003-05,-0.32
05-2003-06,1.09
05-2003-07,0.012
05-2003-08,-0.516
05-2003-09,1.207
05-2003-12,0.477
05-2003-13,-0.389
05-2003-14,-0.17
05-2003-15,1.078
05-2003-16,-0.182
05-2003-19,-2.888
05-2003-20,-0.433
05-2003-21,0.054
05-2003-22,1.043
05-2003-23,0.095
05-2003-27,-0.064
05-2003-28,1.04
05-2003-29,-1.074
05-2003-30,1.206
06-2003-02,1.04
06-2003-03,0.333
06-2003-04,0.831
06-2003-05,-0.251
06-2003-06,1.04
06-2003-09,-1.173
06-2003-10,1.037
06-2003-11,0.834
06-2003-12,-0.251
06-2003-13,-1.33
06-2003-16,1.04
06-2003-17,0.07
06-2003-18,-0.695
06-2003-19,-1.622
06-2003-20,1.04
06-2003-23,-2.046
06-2003-24,0.78
06-2003-25,-1.044
06-2003-26,0.583
06-2003-27,-1.055
06-2003-30,0.651
07-2003-01,-1.132
07-2003-02,1.297
07-2003-03,-0.989
07-2003-07,1.297
07-2003-08,0.205
07-2003-09,-1.158
07-2003-10,-2.111
07-2003-11,1.278
07-2003-14,1.297
07-2003-15,-0.601
07-2003-16,-0.68
07-2003-17,-0.247
07-2003-18,1.297
07-2003-21,-1.135
07-2003-22,-0.028
07-2003-23,0.07
07-2003-24,-0.65
07-2003-25,0.677
07-2003-28,0.208
07-2003-29,-0.861
07-2003-30,0.445
07-2003-31,1.295
08-2003-01,-1.114
08-2003-04,-1.413
08-2003-05,-2.618
08-2003-06,0.449
08-2003-07,0.623
08-2003-08,1.406
08-2003-11,0.258
08-2003-12,1.157
08-2003-13,-0.456
08-2003-14,-0.02
08-2003-15,0.685
08-2003-18,1.404
08-2003-19,-0.208
08-2003-20,-0.092
08-2003-21,1.191
08-2003-22,-1.002
08-2003-25,-0.423
08-2003-26,-0.809
08-2003-27,0.516
08-2003-28,-0.537
08-2003-29,0.785
09-2003-02,0.582
09-2003-03,0.971
09-2003-04,0.577
09-2003-05,-1.411
09-2003-08,1.117
09-2003-09,-0.739
09-2003-10,-0.944
09-2003-11,1.025
09-2003-12,-0.381
09-2003-15,0.434
09-2003-16,1.117
09-2003-17,0.539
09-2003-18,1.003
09-2003-19,0.098
09-2003-22,-1.646
09-2003-23,0.636
09-2003-24,-1.89
09-2003-25,-0.512
09-2003-26,0.355
09-2003-29,0.699
09-2003-30,-1.795
10-2003-01,0.916
10-2003-02,-0.016
10-2003-03,0.916
10-2003-06,0.668
10-2003-07,-0.522
10-2003-08,-0.541
10-2003-09,0.912
10-2003-10,0.254
10-2003-13,0.912
10-2003-14,0.139
10-2003-15,-0.581
10-2003-16,-0.799
10-2003-17,-1.347
10-2003-20,0.516
10-2003-21,-0.129
10-2003-22,-3.144
10-2003-23,-0.226
10-2003-24,-1.676
10-2003-27,0.916
10-2003-28,0.916
10-2003-29,0.354
10-2003-30,0.464
10-2003-31,0.916
11-2003-03,1.322
11-2003-04,0.266
11-2003-05,-0.344
11-2003-06,-0.013
11-2003-07,-0.321
11-2003-10,-0.66
11-2003-11,0.271
11-2003-12,1.322
11-2003-13,-0.221
11-2003-14,-1.45
11-2003-17,-2.493
11-2003-18,-1.18
11-2003-19,1.144
11-2003-20,-0.777
11-2003-21,0.298
11-2003-24,1.325
11-2003-25,0.625
11-2003-26,-0.292
11-2003-28,0.906
12-2003-01,1.066
12-2003-02,-1.79
12-2003-03,1.042
12-2003-04,0.651
12-2003-05,-2.459
12-2003-08,0.954
12-2003-09,-1.203
12-2003-10,-0.766
12-2003-11,0.998
12-2003-12,-0.398
12-2003-15,-0.074
12-2003-16,1.066
12-2003-17,-0.491
12-2003-18,0.879
12-2003-19,0.177
12-2003-22,0.094
12-2003-23,-0.831
12-2003-24,-0.596
12-2003-26,1.019
12-2003-29,1.066
12-2003-30,-0.942
12-2003-31,0.184
01-2004-02,-0.235
01-2004-05,1.188
01-2004-06,0.273
01-2004-07,-0.25
01-2004-08,1.188
01-2004-09,-1.734
01-2004-12,0.826
01-2004-13,-1.26
01-2004-14,1.188
01-2004-15,-0.004
01-2004-16,0.9
01-2004-20,-0.515
01-2004-21,0.527
01-2004-22,0.838
01-2004-23,-0.92
01-2004-26,1.06
01-2004-27,-0.707
01-2004-28,-2.393
01-2004-29,0.158
01-2004-30,-0.293
02-2004-02,-0.413
02-2004-03,-0.01
02-2004-04,-0.519
02-2004-05,0.988
02-2004-06,0.44
02-2004-09,0.546
02-2004-10,0.849
02-2004-11,0.346
02-2004-12,-0.177
02-2004-13,-1.875
02-2004-17,1.574
02-2004-18,-0.661
02-2004-19,0.904
02-2004-20,-1.633
02-2004-23,-0.638
02-2004-24,-1.716
02-2004-25,1.335
02-2004-26,-0.627
02-2004-27,0.907
03-2004-01,1.088
03-2004-02,-0.785
03-2004-03,0.431
03-2004-04,0.562
03-2004-05,0.096
03-2004-08,-0.083
03-2004-09,-0.716
03-2004-10,-1.871
03-2004-11,-1.794
03-2004-12,1.089
03-2004-15,-1.41
03-2004-16,1.089
03-2004-17,1.082
03-2004-18,-0.363
03-2004-19,-0.849
03-2004-22,-1.885
03-2004-23,0.759
03-2004-24,0.097
03-2004-25,1.087
03-2004-26,0.45
03-2004-29,1.089
03-2004-30,0.721
03-2004-31,-0.041
04-2004-01,0.931
04-2004-02,1.254
04-2004-05,1.147
04-2004-06,0.203
04-2004-07,-0.991
04-2004-08,-0.666
04-2004-12,1.242
04-2004-13,-2.074
04-2004-14,0.062
04-2004-15,0.049
04-2004-16,0.78
04-2004-19,0.127
04-2004-20,-1.431
04-2004-21,-0.072
04-2004-22,0.763
04-2004-23,0.12
04-2004-26,0.07
04-2004-27,1.176
04-2004-28,-1.831
04-2004-29,-1.343
04-2004-30,0.228
05-2004-03,1.06
05-2004-04,0.212
05-2004-05,0.605
05-2004-06,-1.37
05-2004-07,-1.159
05-2004-10,-2.18
05-2004-11,0.794
05-2004-12,-1.753
05-2004-13,-0.234
05-2004-14,-0.174
05-2004-17,-1.537
05-2004-18,1.062
05-2004-19,0.543
05-2004-20,0.382
05-2004-21,1.062
05-2004-24,0.341
05-2004-25,0.317
05-2004-26,0.373
05-2004-27,1.063
05-2004-28,0.479
06-2004-01,-0.519
06-2004-02,1.248
06-2004-03,-1.08
06-2004-04,1.34
06-2004-07,1.345
06-2004-08,0.05
06-2004-09,-1.011
06-2004-10,1.345
06-2004-14,-2.01
06-2004-15,1.345
06-2004-16,0.465
06-2004-17,-0.096
06-2004-18,0.71
06-2004-21,-0.595
06-2004-22,-0.898
06-2004-23,-1.213
06-2004-24,-0.218
06-2004-25,-1.302
06-2004-28,-0.073
06-2004-29,0.823
06-2004-30,0.0
07-2004-01,-2.471
07-2004-02,-0.268
07-2004-06,-0.75
07-2004-07,1.108
07-2004-08,-0.345
07-2004-09,1.416
07-2004-12,0.208
07-2004-13,1.227
07-2004-14,-0.057
07-2004-15,0.313
07-2004-16,0.753
07-2004-19,-0.476
07-2004-20,0.886
07-2004-21,-1.282
07-2004-22,-1.039
07-2004-23,-1.355
07-2004-26,0.178
07-2004-27,1.416
07-2004-28,-0.773
07-2004-29,0.668
07-2004-30,0.373
08-2004-02,0.297
08-2004-03,-0.48
08-2004-04,0.038
08-2004-05,-2.424
08-2004-06,-2.348
08-2004-09,0.946
08-2004-10,1.046
08-2004-11,-0.773
08-2004-12,-1.544
08-2004-13,0.436
08-2004-16,1.048
08-2004-17,0.979
08-2004-18,0.437
08-2004-19,-0.834
08-2004-20,0.475
08-2004-23,0.174
08-2004-24,0.789
08-2004-25,0.432
08-2004-26,0.537
08-2004-27,0.898
08-2004-30,-0.397
08-2004-31,0.081
09-2004-01,-0.488
09-2004-02,0.819
09-2004-03,0.541
09-2004-07,0.973
09-2004-08,0.059
09-2004-09,-0.137
09-2004-10,-0.297
09-2004-13,0.628
09-2004-14,0.686
09-2004-15,-1.193
09-2004-16,0.902
09-2004-17,0.973
09-2004-20,-1.404
09-2004-21,0.87
09-2004-22,-2.634
09-2004-23,-0.923
09-2004-24,0.862
09-2004-27,-0.533
09-2004-28,0.684
09-2004-29,0.823
09-2004-30,-1.424
10-2004-01,1.278
10-2004-04,1.278
10-2004-05,-0.079
10-2004-06,0.984
10-2004-07,-1.387
10-2004-08,-0.751
10-2004-11,1.278
10-2004-12,-0.184
10-2004-13,-1.667
10-2004-14,-1.667
10-2004-15,1.276
10-2004-18,-0.371
10-2004-19,-0.19
10-2004-20,-0.825
10-2004-21,-0.658
10-2004-22,-1.283
10-2004-25,0.149
10-2004-26,1.254
10-2004-27,0.208
10-2004-28,0.204
10-2004-29,0.957
11-2004-01,0.266
11-2004-02,-0.419
11-2004-03,0.792
11-2004-04,0.666
11-2004-05,0.792
11-2004-08,0.12
11-2004-09,0.253
11-2004-10,0.794
11-2004-11,0.794
11-2004-12,0.544
11-2004-15,0.091
11-2004-16,-1.247
11-2004-17,0.794
11-2004-18,0.743
11-2004-19,-2.985
11-2004-22,0.12
11-2004-23,-0.635
11-2004-24,0.464
11-2004-26,0.506
11-2004-29,-2.148
11-2004-30,-0.548
12-2004-01,1.087
12-2004-02,-0.517
12-2004-03,-0.224
12-2004-06,-1.179
12-2004-07,-2.653
12-2004-08,1.084
12-2004-09,-1.507
12-2004-10,0.052
12-2004-13,1.08
12-2004-14,0.403
12-2004-15,-0.291
12-2004-16,0.032
12-2004-17,-1.125
12-2004-20,1.086
12-2004-21,1.088
12-2004-22,0.626
12-2004-23,0.896
12-2004-27,-0.735
12-2004-28,1.013
12-2004-29,-0.956
12-2004-30,0.054
12-2004-31,0.41
01-2005-03,-0.509
01-2005-04,-1.726
01-2005-05,0.532
01-2005-06,1.226
01-2005-07,0.003
01-2005-10,0.798
01-2005-11,-0.87
01-2005-12,-0.215
01-2005-13,-1.95
01-2005-14,1.248
01-2005-18,-0.011
01-2005-19,-0.903
01-2005-20,-0.69
01-2005-21,-0.694
01-2005-24,0.701
01-2005-25,1.322
01-2005-26,1.322
01-2005-27,-0.373
01-2005-28,-0.766
01-2005-31,1.322
02-2005-01,0.83
02-2005-02,0.678
02-2005-03,-0.151
02-2005-04,0.685
02-2005-07,0.457
02-2005-08,0.445
02-2005-09,-0.507
02-2005-10,0.816
02-2005-11,-0.09
02-2005-14,0.305
02-2005-15,0.557
02-2005-16,-0.052
02-2005-17,-1.098
02-2005-18,0.252
02-2005-22,-3.202
02-2005-23,0.824
02-2005-24,0.25
02-2005-25,0.536
02-2005-28,-1.772
03-2005-01,1.265
03-2005-02,-0.084
03-2005-03,0.081
03-2005-04,1.259
03-2005-07,1.027
03-2005-08,0.334
03-2005-09,-1.63
03-2005-10,0.584
03-2005-11,-1.013
03-2005-14,0.753
03-2005-15,-0.289
03-2005-16,-2.129
03-2005-17,0.347
03-2005-18,-0.594
03-2005-21,-1.252
03-2005-22,-1.232
03-2005-23,0.214
03-2005-24,0.893
03-2005-28,1.157
03-2005-29,-1.083
03-2005-30,1.24
03-2005-31,-0.08
04-2005-01,-0.898
04-2005-04,0.432
04-2005-05,1.165
04-2005-06,1.193
04-2005-07,1.039
04-2005-08,-0.26
04-2005-11,0.794
04-2005-12,-0.291
04-2005-13,-0.969
04-2005-14,-1.011
04-2005-15,-2.192
04-2005-18,0.049
04-2005-19,1.194
04-2005-20,-1.019
04-2005-21,1.194
04-2005-22,-1.323
04-2005-25,1.194
04-2005-26,-0.33
04-2005-27,-0.006
04-2005-28,-0.913
04-2005-29,0.817
05-2005-02,0.988
05-2005-03,0.068
05-2005-04,1.08
05-2005-05,-0.991
05-2005-06,1.079
05-2005-09,0.486
05-2005-10,-2.043
05-2005-11,-0.991
05-2005-12,-1.657
05-2005-13,-1.572
05-2005-16,1.049
05-2005-17,0.272
05-2005-18,1.077
05-2005-19,0.395
05-2005-20,-0.54
05-2005-23,0.922
05-2005-24,-0.114
05-2005-25,-0.727
05-2005-26,1.079
05-2005-27,0.623
05-2005-31,-0.671
06-2005-01,0.916
06-2005-02,0.14
06-2005-03,-1.39
06-2005-06,0.32
06-2005-07,1.029
06-2005-08,0.578
06-2005-09,0.232
06-2005-10,-0.138
06-2005-13,0.354
06-2005-14,1.027
06-2005-15,-0.204
06-2005-16,0.412
06-2005-17,1.009
06-2005-20,-0.341
06-2005-21,0.381
06-2005-22,0.536
06-2005-23,-2.852
06-2005-24,-1.854
06-2005-27,-0.003
06-2005-28,1.02
06-2005-29,0.042
06-2005-30,-1.449
07-2005-01,1.003
07-2005-05,0.383
07-2005-06,-1.999
07-2005-07,-1.86
07-2005-08,0.931
07-2005-11,1.005
07-2005-12,-0.097
07-2005-13,0.975
07-2005-14,1.005
07-2005-15,0.126
07-2005-18,-0.975
07-2005-19,1.005
07-2005-20,-0.465
07-2005-21,-1.473
07-2005-22,-0.092
07-2005-25,-0.82
07-2005-26,0.256
07-2005-27,0.942
07-2005-28,0.889
07-2005-29,-0.946
08-2005-01,0.427
08-2005-02,1.247
08-2005-03,0.102
08-2005-04,-1.161
08-2005-05,-0.243
08-2005-08,0.389
08-2005-09,1.255
08-2005-10,0.278
08-2005-11,1.166
08-2005-12,-1.811
08-2005-15,0.148
08-2005-16,-1.995
08-2005-17,1.195
08-2005-18,0.389
08-2005-19,1.255
08-2005-22,0.31
08-2005-23,-0.736
08-2005-24,-1.084
08-2005-25,1.093
08-2005-26,-0.54
08-2005-29,-0.019
08-2005-30,-1.735
08-2005-31,-0.144
09-2005-01,-0.407
09-2005-02,0.46
09-2005-06,1.219
09-2005-07,0.788
09-2005-08,-0.644
09-2005-09,1.214
09-2005-12,0.8
09-2005-13,-1.072
09-2005-14,-0.561
09-2005-15,0.491
09-2005-16,1.216
09-2005-19,-2.307
09-2005-20,-1.442
09-2005-21,-1.966
09-2005-22,0.481
09-2005-23,-0.242
09-2005-26,0.923
09-2005-27,0.373
09-2005-28,0.265
09-2005-29,-0.376
09-2005-30,0.442
10-2005-03,0.213
10-2005-04,-1.001
10-2005-05,-1.432
10-2005-06,-0.994
10-2005-07,1.096
10-2005-10,0.003
10-2005-11,1.138
10-2005-12,-0.281
10-2005-13,-0.117
10-2005-14,0.877
10-2005-17,0.852
10-2005-18,-0.194
10-2005-19,0.251
10-2005-20,-2.358
10-2005-21,-0.757
10-2005-24,1.25
10-2005-25,-0.265
10-2005-26,0.333
10-2005-27,-1.345
10-2005-28,1.25
10-2005-31,1.25
11-2005-01,-0.557
11-2005-02,0.276
11-2005-03,1.162
11-2005-04,-1.053
11-2005-07,0.616
11-2005-08,-1.359
11-2005-09,0.167
11-2005-10,0.062
11-2005-11,1.027
11-2005-14,0.539
11-2005-15,-0.5
11-2005-16,-0.392
11-2005-17,0.583
11-2005-18,0.046
11-2005-21,0.895
11-2005-22,-0.29
11-2005-23,0.349
11-2005-25,1.081
11-2005-28,-1.42
11-2005-29,1.141
11-2005-30,-2.881
12-2005-01,1.016
12-2005-02,-0.512
12-2005-05,-0.996
12-2005-06,1.016
12-2005-07,-1.802
12-2005-08,-1.375
12-2005-09,0.353
12-2005-12,-0.306
12-2005-13,0.581
12-2005-14,0.986
12-2005-15,0.469
12-2005-16,0.64
12-2005-19,-0.498
12-2005-20,-0.42
12-2005-21,1.016
12-2005-22,0.943
12-2005-23,0.608
12-2005-27,-2.24
12-2005-28,1.016
12-2005-29,0.516
12-2005-30,-1.244
01-2006-03,0.12
01-2006-04,0.602
01-2006-05,0.061
01-2006-06,0.807
01-2006-09,0.502
01-2006-10,-0.423
01-2006-11,0.407
01-2006-12,-1.065
01-2006-13,-0.004
01-2006-17,-0.863
01-2006-18,-0.67
01-2006-19,0.745
01-2006-20,-3.65
01-2006-23,0.758
01-2006-24,0.722
01-2006-25,-0.018
01-2006-26,0.805
01-2006-27,0.592
01-2006-30,0.38
01-2006-31,0.03
02-2006-01,0.906
02-2006-02,-2.121
02-2006-03,-0.724
02-2006-06,0.559
02-2006-07,-0.411
02-2006-08,1.113
02-2006-09,1.056
02-2006-10,-0.533
02-2006-13,-0.586
02-2006-14,1.154
02-2006-15,0.196
02-2006-16,0.817
02-2006-17,0.039
02-2006-21,-0.569
02-2006-22,1.022
02-2006-23,-0.998
02-2006-24,-0.326
02-2006-27,1.125
02-2006-28,-1.993
03-2006-01,1.077
03-2006-02,-0.904
03-2006-03,-0.087
03-2006-06,-1.716
03-2006-07,0.248
03-2006-08,-0.535
03-2006-09,-0.153
03-2006-10,1.116
03-2006-13,0.773
03-2006-14,0.588
03-2006-15,0.787
03-2006-16,1.103
03-2006-17,1.116
03-2006-20,0.535
03-2006-21,-0.535
03-2006-22,0.87
03-2006-23,-1.32
03-2006-24,0.308
03-2006-27,-0.411
03-2006-28,-2.076
03-2006-29,1.116
03-2006-30,-1.881
03-2006-31,-0.272
04-2006-03,1.027
04-2006-04,0.496
04-2006-05,0.079
04-2006-06,-0.82
04-2006-07,-2.028
04-2006-10,0.949
04-2006-11,-1.441
04-2006-12,0.971
04-2006-13,0.346
04-2006-17,-1.723
04-2006-18,1.027
04-2006-19,0.209
04-2006-20,0.93
04-2006-21,0.281
04-2006-24,-0.12
04-2006-25,-1.093
04-2006-26,1.014
04-2006-27,-1.051
04-2006-28,0.716
05-2006-01,0.301
05-2006-02,0.898
05-2006-03,0.083
05-2006-04,0.899
05-2006-05,0.899
05-2006-08,0.674
05-2006-09,0.703
05-2006-10,0.348
05-2006-11,-1.597
05-2006-12,-1.057
05-2006-15,0.159
05-2006-16,0.344
05-2006-17,-2.782
05-2006-18,-0.335
05-2006-19,0.132
05-2006-22,-0.714
05-2006-23,0.447
05-2006-24,-0.188
05-2006-25,0.899
05-2006-26,0.897
05-2006-30,-1.956
05-2006-31,0.809
06-2006-01,0.787
06-2006-02,-0.094
06-2006-05,-2.531
06-2006-06,-1.025
06-2006-07,-0.178
06-2006-08,-1.912
06-2006-09,-0.069
06-2006-12,-0.671
06-2006-13,-0.327
06-2006-14,0.982
06-2006-15,1.121
06-2006-16,0.588
06-2006-19,-0.774
06-2006-20,1.058
06-2006-21,1.059
06-2006-22,-0.493
06-2006-23,0.314
06-2006-26,0.829
06-2006-27,-1.125
06-2006-28,0.719
06-2006-29,1.121
06-2006-30,0.403
07-2006-03,1.064
07-2006-05,-0.705
07-2006-06,1.064
07-2006-07,-1.686
07-2006-10,1.035
07-2006-11,-0.233
07-2006-12,-1.335
07-2006-13,-2.06
07-2006-14,-1.46
07-2006-17,0.636
07-2006-18,-0.023
07-2006-19,1.064
07-2006-20,-0.366
07-2006-21,-0.659
07-2006-24,1.063
07-2006-25,0.175
07-2006-26,0.112
07-2006-27,0.775
07-2006-28,1.063
07-2006-31,0.359
08-2006-01,-2.018
08-2006-02,1.293
08-2006-03,-0.369
08-2006-04,-0.58
08-2006-07,-0.306
08-2006-08,-1.209
08-2006-09,-1.984
08-2006-10,0.368
08-2006-11,-1.281
08-2006-14,0.998
08-2006-15,1.303
08-2006-16,1.303
08-2006-17,0.35
08-2006-18,0.774
08-2006-21,-0.628
08-2006-22,-0.048
08-2006-23,-1.101
08-2006-24,0.516
08-2006-25,-0.044
08-2006-28,0.914
08-2006-29,-0.443
08-2006-30,0.965
08-2006-31,0.853
09-2006-01,1.064
09-2006-05,0.302
09-2006-06,-1.214
09-2006-07,-1.542
09-2006-08,1.025
09-2006-11,-0.465
09-2006-12,1.028
09-2006-13,0.694
09-2006-14,-0.475
09-2006-15,1.064
09-2006-18,0.043
09-2006-19,-1.309
09-2006-20,1.061
09-2006-21,-2.458
09-2006-22,-0.806
09-2006-25,0.317
09-2006-26,0.805
09-2006-27,0.725
09-2006-28,0.135
09-2006-29,-0.226
10-2006-02,0.701
10-2006-03,0.799
10-2006-04,0.847
10-2006-05,0.617
10-2006-06,-0.632
10-2006-09,0.223
10-2006-10,0.472
10-2006-11,-0.821
10-2006-12,1.306
10-2006-13,0.161
10-2006-16,0.837
10-2006-17,-1.385
10-2006-18,1.308
10-2006-19,0.651
10-2006-20,-0.813
10-2006-23,-3.012
10-2006-24,0.19
10-2006-25,-0.049
10-2006-26,0.152
10-2006-27,-1.416
10-2006-30,0.137
10-2006-31,-0.508
11-2006-01,-0.881
11-2006-02,-0.138
11-2006-03,-0.35
11-2006-06,1.041
11-2006-07,0.954
11-2006-08,-0.125
11-2006-09,-1.186
11-2006-10,0.292
11-2006-13,0.71
11-2006-14,-0.204
11-2006-15,0.824
11-2006-16,1.051
11-2006-17,0.332
11-2006-20,0.042
11-2006-21,0.626
11-2006-22,0.545
11-2006-24,-0.61
11-2006-27,-3.399
11-2006-28,-0.174
11-2006-29,1.051
11-2006-30,-0.647
12-2006-01,-3.026
12-2006-04,0.995
12-2006-05,0.761
12-2006-06,-0.046
12-2006-07,-0.407
12-2006-08,-0.09
12-2006-11,0.731
12-2006-12,-1.344
12-2006-13,0.652
12-2006-14,0.673
12-2006-15,0.992
12-2006-18,0.463
12-2006-19,-0.292
12-2006-20,0.542
12-2006-21,-1.019
12-2006-22,-1.197
12-2006-26,0.844
12-2006-27,0.975
12-2006-28,-0.001
12-2006-29,-0.52
01-2007-03,-0.227
01-2007-04,-0.609
01-2007-05,-1.795
01-2007-08,-0.225
01-2007-09,-0.25
01-2007-10,-0.401
01-2007-11,1.205
01-2007-12,0.551
01-2007-16,0.763
01-2007-17,0.658
01-2007-18,0.48
01-2007-19,0.044
01-2007-22,-1.795
01-2007-23,0.958
01-2007-24,1.119
01-2007-25,-2.313
01-2007-26,-0.678
01-2007-29,1.058
01-2007-30,0.348
01-2007-31,0.817
02-2007-01,0.558
02-2007-02,0.262
02-2007-05,0.365
02-2007-06,0.329
02-2007-07,0.34
02-2007-08,-0.207
02-2007-09,-0.234
02-2007-12,0.189
02-2007-13,0.568
02-2007-14,0.567
02-2007-15,0.456
02-2007-16,0.394
02-2007-20,0.031
02-2007-21,-0.086
02-2007-22,-0.167
02-2007-23,0.12
02-2007-26,0.228
02-2007-27,-4.117
02-2007-28,0.319
03-2007-01,-2.116
03-2007-02,-0.859
03-2007-05,-0.04
03-2007-06,1.053
03-2007-07,0.675
03-2007-08,1.062
03-2007-09,0.552
03-2007-12,0.618
03-2007-13,-2.525
03-2007-14,-0.988
03-2007-15,0.648
03-2007-16,-0.117
03-2007-19,1.062
03-2007-20,0.853
03-2007-21,0.675
03-2007-22,0.481
03-2007-23,0.882
03-2007-26,-0.659
03-2007-27,-0.327
03-2007-28,-1.052
03-2007-29,0.547
03-2007-30,-0.554
04-2007-02,-0.055
04-2007-03,1.025
04-2007-04,0.467
04-2007-05,0.21
04-2007-09,0.764
04-2007-10,0.346
04-2007-11,-3.163
04-2007-12,-0.954
04-2007-13,0.25
04-2007-16,1.013
04-2007-17,0.592
04-2007-18,-0.478
04-2007-19,-1.291
04-2007-20,0.99
04-2007-23,-0.595
04-2007-24,0.384
04-2007-25,1.025
04-2007-26,0.285
04-2007-27,-0.069
04-2007-30,-1.071
05-2007-01,0.356
05-2007-02,0.807
05-2007-03,0.627
05-2007-04,0.535
05-2007-07,0.809
05-2007-08,-0.904
05-2007-09,0.335
05-2007-10,-2.812
05-2007-11,0.888
05-2007-14,0.173
05-2007-15,0.728
05-2007-16,-2.184
05-2007-17,-0.101
05-2007-18,0.892
05-2007-21,0.207
05-2007-22,0.492
05-2007-23,0.0
05-2007-24,-1.576
05-2007-25,0.845
05-2007-29,-0.156
05-2007-30,-0.637
05-2007-31,0.435
06-2007-01,1.113
06-2007-04,0.398
06-2007-05,-0.795
06-2007-06,-1.3
06-2007-07,-2.114
06-2007-08,0.93
06-2007-11,0.49
06-2007-12,-0.918
06-2007-13,1.182
06-2007-14,1.133
06-2007-15,1.18
06-2007-18,0.693
06-2007-19,0.625
06-2007-20,-1.299
06-2007-21,-0.239
06-2007-22,-1.818
06-2007-25,0.206
06-2007-26,0.476
06-2007-27,-0.065
06-2007-28,0.564
06-2007-29,-0.576
07-2007-02,0.749
07-2007-03,0.75
07-2007-05,0.193
07-2007-06,0.563
07-2007-09,0.718
07-2007-10,-0.603
07-2007-11,0.523
07-2007-12,0.749
07-2007-13,0.626
07-2007-16,0.643
07-2007-17,0.669
07-2007-18,-0.417
07-2007-19,0.75
07-2007-20,-1.053
07-2007-23,0.75
07-2007-24,-1.375
07-2007-25,0.365
07-2007-26,-3.226
07-2007-27,-1.09
07-2007-30,0.332
07-2007-31,-0.678
08-2007-01,0.297
08-2007-02,0.906
08-2007-03,-1.488
08-2007-06,0.759
08-2007-07,-0.063
08-2007-08,0.862
08-2007-09,-2.299
08-2007-10,-0.852
08-2007-13,0.797
08-2007-14,-0.893
08-2007-15,-0.638
08-2007-16,-1.972
08-2007-17,0.967
08-2007-20,0.144
08-2007-21,0.388
08-2007-22,0.947
08-2007-23,0.395
08-2007-24,0.736
08-2007-27,0.356
08-2007-28,-1.46
08-2007-29,0.969
08-2007-30,0.084
08-2007-31,0.969
09-2007-04,0.259
09-2007-05,-1.921
09-2007-06,0.391
09-2007-07,-3.112
09-2007-10,-0.501
09-2007-11,0.835
09-2007-12,0.339
09-2007-13,0.839
09-2007-14,-0.544
09-2007-17,-0.29
09-2007-18,0.839
09-2007-19,0.829
09-2007-20,-0.189
09-2007-21,0.838
09-2007-24,-0.163
09-2007-25,-0.034
09-2007-26,0.839
09-2007-27,0.678
09-2007-28,-0.05
10-2007-01,0.97
10-2007-02,0.141
10-2007-03,-0.043
10-2007-04,0.81
10-2007-05,0.993
10-2007-08,0.361
10-2007-09,0.889
10-2007-10,-0.776
10-2007-11,-0.472
10-2007-12,0.966
10-2007-15,-1.147
10-2007-16,-0.24
10-2007-17,-0.667
10-2007-18,0.226
10-2007-19,-3.293
10-2007-22,-0.305
10-2007-23,0.676
10-2007-24,-1.344
10-2007-25,-0.488
10-2007-26,0.991
10-2007-29,0.972
10-2007-30,-0.037
10-2007-31,0.718
11-2007-01,-2.109
11-2007-02,0.095
11-2007-05,-0.096
11-2007-06,0.914
11-2007-07,-1.985
11-2007-08,-0.75
11-2007-09,-0.957
11-2007-12,0.672
11-2007-13,1.181
11-2007-14,0.238
11-2007-15,-0.355
11-2007-16,0.665
11-2007-19,-0.912
11-2007-20,0.162
11-2007-21,-0.753
11-2007-23,1.181
11-2007-26,-1.063
11-2007-27,1.181
11-2007-28,1.181
11-2007-29,0.54
11-2007-30,0.896
12-2007-03,0.186
12-2007-04,0.164
12-2007-05,1.088
12-2007-06,0.841
12-2007-07,0.876
12-2007-10,1.088
12-2007-11,-2.839
12-2007-12,-0.331
12-2007-13,-0.418
12-2007-14,-1.207
12-2007-17,-1.179
12-2007-18,0.127
12-2007-19,0.02
12-2007-20,0.425
12-2007-21,1.087
12-2007-24,1.07
12-2007-26,0.395
12-2007-27,-1.419
12-2007-28,0.297
12-2007-31,-0.387
01-2008-02,-0.782
01-2008-03,1.215
01-2008-04,-0.679
01-2008-07,0.841
01-2008-08,-0.663
01-2008-09,0.672
01-2008-10,0.572
01-2008-11,-1.074
01-2008-14,1.379
01-2008-15,-0.929
01-2008-16,0.704
01-2008-17,-1.35
01-2008-18,0.281
01-2008-22,-2.281
01-2008-23,-1.213
01-2008-24,1.133
01-2008-25,-0.283
01-2008-28,0.632
01-2008-29,1.074
01-2008-30,0.788
01-2008-31,-0.126
02-2008-01,0.85
02-2008-04,-0.037
02-2008-05,-2.597
02-2008-06,0.401
02-2008-07,0.436
02-2008-08,-0.285
02-2008-11,0.055
02-2008-12,1.222
02-2008-13,1.219
02-2008-14,-0.751
02-2008-15,0.204
02-2008-19,0.75
02-2008-20,0.126
02-2008-21,-0.642
02-2008-22,-0.084
02-2008-25,0.81
02-2008-26,0.63
02-2008-27,0.452
02-2008-28,-0.365
02-2008-29,-2.475
03-2008-03,0.278
03-2008-04,-0.995
03-2008-05,0.68
03-2008-06,-1.013
03-2008-07,-0.919
03-2008-10,-0.321
03-2008-11,1.341
03-2008-12,0.763
03-2008-13,-0.933
03-2008-14,-1.892
03-2008-17,-0.614
03-2008-18,1.343
03-2008-19,-1.714
03-2008-20,1.297
03-2008-24,1.344
03-2008-25,0.331
03-2008-26,-0.256
03-2008-27,0.018
03-2008-28,0.24
03-2008-31,0.934
04-2008-01,1.089
04-2008-02,-0.469
04-2008-03,-0.171
04-2008-04,-0.491
04-2008-07,0.618
04-2008-08,-0.151
04-2008-09,-0.618
04-2008-10,0.614
04-2008-11,-3.4
04-2008-14,0.374
04-2008-15,0.57
04-2008-16,1.092
04-2008-17,0.216
04-2008-18,1.092
04-2008-21,-0.521
04-2008-22,-1.633
04-2008-23,0.794
04-2008-24,0.153
04-2008-25,-0.616
04-2008-28,0.554
04-2008-29,0.029
04-2008-30,0.728
05-2008-01,0.73
05-2008-02,0.659
05-2008-05,-0.451
05-2008-06,-0.307
05-2008-07,-1.711
05-2008-08,0.803
05-2008-09,-0.822
05-2008-12,0.99
05-2008-13,-0.119
05-2008-14,1.055
05-2008-15,0.587
05-2008-16,-0.224
05-2008-19,0.776
05-2008-20,-2.093
05-2008-21,-2.183
05-2008-22,0.973
05-2008-23,-1.018
05-2008-27,0.578
05-2008-28,0.441
05-2008-29,0.55
05-2008-30,0.669
06-2008-02,-0.776
06-2008-03,-0.332
06-2008-04,0.651
06-2008-05,1.134
06-2008-06,-2.603
06-2008-09,0.999
06-2008-10,0.49
06-2008-11,-0.752
06-2008-12,1.019
06-2008-13,1.134
06-2008-16,0.273
06-2008-17,0.048
06-2008-18,-0.368
06-2008-19,0.672
06-2008-20,-1.081
06-2008-23,0.108
06-2008-24,0.071
06-2008-25,0.989
06-2008-26,-2.098
06-2008-27,-0.275
06-2008-30,0.605
07-2008-01,-0.504
07-2008-02,-0.579
07-2008-03,0.633
07-2008-07,-0.584
07-2008-08,0.729
07-2008-09,-1.378
07-2008-10,0.608
07-2008-11,-1.473
07-2008-14,0.176
07-2008-15,-1.191
07-2008-16,0.802
07-2008-17,0.966
07-2008-18,0.679
07-2008-21,0.497
07-2008-22,0.503
07-2008-23,0.785
07-2008-24,-1.878
07-2008-25,1.108
07-2008-28,-1.427
07-2008-29,1.226
07-2008-30,1.286
07-2008-31,-1.093
08-2008-01,-0.143
08-2008-04,-0.043
08-2008-05,1.258
08-2008-06,0.236
08-2008-07,-1.705
08-2008-08,0.711
08-2008-11,0.586
08-2008-12,-0.979
08-2008-13,-0.97
08-2008-14,0.25
08-2008-15,1.115
08-2008-18,-1.542
08-2008-19,-0.723
08-2008-20,0.571
08-2008-21,0.021
08-2008-22,1.258
08-2008-25,-2.014
08-2008-26,0.722
08-2008-27,0.877
08-2008-28,1.257
08-2008-29,-0.85
09-2008-02,0.634
09-2008-03,0.553
09-2008-04,-0.811
09-2008-05,0.255
09-2008-08,1.01
09-2008-09,-0.441
09-2008-10,0.915
09-2008-11,0.163
09-2008-12,0.249
09-2008-15,-1.539
09-2008-16,0.178
09-2008-17,-1.344
09-2008-18,0.246
09-2008-19,1.006
09-2008-22,-1.045
09-2008-23,0.082
09-2008-24,0.518
09-2008-25,1.01
09-2008-26,0.243
09-2008-29,-2.946
09-2008-30,1.01
10-2008-01,0.462
10-2008-02,-0.218
10-2008-03,0.629
10-2008-06,-1.857
10-2008-07,-0.747
10-2008-08,0.355
10-2008-09,-1.4
10-2008-10,-1.414
10-2008-13,1.321
10-2008-14,0.111
10-2008-15,-1.756
10-2008-16,-0.191
10-2008-17,0.296
10-2008-20,1.321
10-2008-21,0.291
10-2008-22,-1.44
10-2008-23,0.22
10-2008-24,-0.655
10-2008-27,0.395
10-2008-28,1.306
10-2008-29,0.636
10-2008-30,1.211
10-2008-31,1.083
11-2008-03,0.949
11-2008-04,1.357
11-2008-05,-1.569
11-2008-06,-1.521
11-2008-07,1.357
11-2008-10,0.279
11-2008-11,-0.402
11-2008-12,-1.072
11-2008-13,-0.472
11-2008-14,-0.683
11-2008-17,-0.079
11-2008-18,0.385
11-2008-19,-1.155
11-2008-20,-1.473
11-2008-21,0.761
11-2008-24,1.357
11-2008-25,0.409
11-2008-26,0.469
11-2008-28,1.056
12-2008-01,-3.35
12-2008-02,0.901
12-2008-03,-0.136
12-2008-04,-1.097
12-2008-05,-0.656
12-2008-08,0.964
12-2008-09,-0.812
12-2008-10,0.671
12-2008-11,-0.529
12-2008-12,-0.39
12-2008-15,-0.041
12-2008-16,0.965
12-2008-17,0.06
12-2008-18,-0.901
12-2008-19,0.612
12-2008-22,-0.302
12-2008-23,0.163
12-2008-24,0.965
12-2008-26,0.921
12-2008-29,0.009
12-2008-30,0.965
12-2008-31,0.955
01-2009-02,1.31
01-2009-05,0.113
01-2009-06,1.289
01-2009-07,-1.268
01-2009-08,0.268
01-2009-09,-0.15
01-2009-12,-0.309
01-2009-13,0.473
01-2009-14,-1.543
01-2009-15,-0.531
01-2009-16,0.389
01-2009-20,-1.877
01-2009-21,1.295
01-2009-22,-1.174
01-2009-23,-0.518
01-2009-26,0.889
01-2009-27,1.089
01-2009-28,1.422
01-2009-29,-0.861
01-2009-30,-0.395
02-2009-02,0.064
02-2009-03,1.033
02-2009-04,-0.01
02-2009-05,0.29
02-2009-06,1.293
02-2009-09,0.522
02-2009-10,-2.671
02-2009-11,1.0
02-2009-12,-0.933
02-2009-13,0.452
02-2009-17,-1.472
02-2009-18,0.701
02-2009-19,0.308
02-2009-20,-0.685
02-2009-23,-1.143
02-2009-24,1.323
02-2009-25,-0.504
02-2009-26,0.424
02-2009-27,-0.07
03-2009-02,-1.93
03-2009-03,0.455
03-2009-04,1.038
03-2009-05,-2.212
03-2009-06,-0.195
03-2009-09,-0.034
03-2009-10,1.035
03-2009-11,0.491
03-2009-12,0.446
03-2009-13,0.433
03-2009-16,0.856
03-2009-17,0.586
03-2009-18,-0.325
03-2009-19,-0.148
03-2009-20,-0.385
03-2009-23,1.034
03-2009-24,-0.208
03-2009-25,-0.043
03-2009-26,1.038
03-2009-27,-0.8
03-2009-30,-2.269
03-2009-31,1.035
04-2009-01,-0.543
04-2009-02,1.179
04-2009-03,0.005
04-2009-06,-0.989
04-2009-07,-1.734
04-2009-08,0.646
04-2009-09,1.179
04-2009-13,-0.487
04-2009-14,-1.006
04-2009-15,0.553
04-2009-16,0.243
04-2009-17,0.636
04-2009-20,-2.884
04-2009-21,0.478
04-2009-22,-0.184
04-2009-23,0.016
04-2009-24,1.179
04-2009-27,-0.041
04-2009-28,-0.012
04-2009-29,1.174
04-2009-30,0.452
05-2009-01,0.072
05-2009-04,1.099
05-2009-05,0.153
05-2009-06,1.091
05-2009-07,-1.226
05-2009-08,1.099
05-2009-11,-1.296
05-2009-12,0.292
05-2009-13,-1.906
05-2009-14,0.917
05-2009-15,-0.349
05-2009-18,1.099
05-2009-19,0.512
05-2009-20,0.099
05-2009-21,-1.841
05-2009-22,0.571
05-2009-26,0.339
05-2009-27,-1.679
05-2009-28,0.286
05-2009-29,0.563
06-2009-01,1.232
06-2009-02,0.77
06-2009-03,-1.13
06-2009-04,0.556
06-2009-05,0.378
06-2009-08,-0.873
06-2009-09,0.573
06-2009-10,-0.83
06-2009-11,1.236
06-2009-12,0.346
06-2009-15,-2.448
06-2009-16,-0.652
06-2009-17,0.516
06-2009-18,0.875
06-2009-19,0.23
06-2009-22,-2.17
06-2009-23,0.333
06-2009-24,0.173
06-2009-25,0.571
06-2009-26,0.114
06-2009-29,1.051
06-2009-30,-1.018
07-2009-01,1.019
07-2009-02,-3.105
07-2009-06,-0.368
07-2009-07,-2.146
07-2009-08,-0.399
07-2009-09,0.393
07-2009-10,-0.636
07-2009-13,0.72
07-2009-14,0.162
07-2009-15,1.019
07-2009-16,0.494
07-2009-17,0.323
07-2009-20,1.016
07-2009-21,0.334
07-2009-22,0.053
07-2009-23,0.724
07-2009-24,-0.071
07-2009-27,-0.068
07-2009-28,-0.826
07-2009-29,-0.431
07-2009-30,1.014
07-2009-31,0.626
08-2009-03,1.093
08-2009-04,0.472
08-2009-05,-0.877
08-2009-06,-0.144
08-2009-07,1.093
08-2009-10,-0.319
08-2009-11,-1.031
08-2009-12,0.821
08-2009-13,0.062
08-2009-14,-1.895
08-2009-17,-2.476
08-2009-18,1.093
08-2009-19,-0.295
08-2009-20,0.901
08-2009-21,1.082
08-2009-24,0.732
08-2009-25,1.089
08-2009-26,0.137
08-2009-27,-0.394
08-2009-28,-0.476
08-2009-31,-0.838
09-2009-01,-3.118
09-2009-02,0.153
09-2009-03,0.463
09-2009-04,0.576
09-2009-08,1.069
09-2009-09,0.645
09-2009-10,0.27
09-2009-11,-0.055
09-2009-14,-0.228
09-2009-15,0.12
09-2009-16,0.977
09-2009-17,0.228
09-2009-18,1.071
09-2009-21,-0.868
09-2009-22,0.911
09-2009-23,-0.807
09-2009-24,-0.685
09-2009-25,-0.302
09-2009-28,1.072
09-2009-29,0.013
09-2009-30,-1.716
10-2009-01,-1.909
10-2009-02,-0.095
10-2009-05,0.854
10-2009-06,0.957
10-2009-07,0.278
10-2009-08,0.955
10-2009-09,0.67
10-2009-12,0.742
10-2009-13,0.022
10-2009-14,0.956
10-2009-15,0.45
10-2009-16,-0.691
10-2009-19,0.937
10-2009-20,-0.394
10-2009-21,-0.333
10-2009-22,0.558
10-2009-23,-1.314
10-2009-26,-0.71
10-2009-27,0.545
10-2009-28,-0.712
10-2009-29,0.906
10-2009-30,-2.801
11-2009-02,0.31
11-2009-03,-0.54
11-2009-04,0.867
11-2009-05,0.87
11-2009-06,-0.219
11-2009-09,0.87
11-2009-10,0.443
11-2009-11,0.848
11-2009-12,-1.131
11-2009-13,0.772
11-2009-16,0.868
11-2009-17,0.148
11-2009-18,-0.247
11-2009-19,-1.985
11-2009-20,-0.079
11-2009-23,0.868
11-2009-24,-0.677
11-2009-25,0.667
11-2009-27,-2.859
11-2009-30,0.086
12-2009-01,0.907
12-2009-02,-0.182
12-2009-03,-1.449
12-2009-04,-0.356
12-2009-07,0.318
12-2009-08,-2.121
12-2009-09,-0.142
12-2009-10,0.91
12-2009-11,0.841
12-2009-14,0.915
12-2009-15,-0.711
12-2009-16,0.418
12-2009-17,-2.042
12-2009-18,-0.104
12-2009-21,0.908
12-2009-22,0.913
12-2009-23,0.321
12-2009-24,0.793
12-2009-28,0.656
12-2009-29,0.836
12-2009-30,0.048
12-2009-31,-1.893
01-2010-04,1.08
01-2010-05,0.263
01-2010-06,0.841
01-2010-07,0.212
01-2010-08,0.394
01-2010-11,0.702
01-2010-12,-0.158
01-2010-13,0.901
01-2010-14,0.905
01-2010-15,-0.842
01-2010-19,0.864
01-2010-20,-1.586
01-2010-21,-1.939
01-2010-22,-1.975
01-2010-25,1.036
01-2010-26,0.557
01-2010-27,-0.104
01-2010-28,-1.315
01-2010-29,0.049
02-2010-01,0.95
02-2010-02,0.785
02-2010-03,0.157
02-2010-04,-2.705
02-2010-05,-1.29
02-2010-08,-0.396
02-2010-09,0.949
02-2010-10,-0.278
02-2010-11,0.139
02-2010-12,-1.088
02-2010-16,0.951
02-2010-17,0.951
02-2010-18,0.754
02-2010-19,0.305
02-2010-22,0.506
02-2010-23,-0.582
02-2010-24,0.951
02-2010-25,-1.451
02-2010-26,0.299
03-2010-01,1.039
03-2010-02,0.441
03-2010-03,-0.166
03-2010-04,0.809
03-2010-05,1.036
03-2010-08,0.171
03-2010-09,0.296
03-2010-10,-0.325
03-2010-11,-1.144
03-2010-12,0.352
03-2010-15,-1.107
03-2010-16,0.202
03-2010-17,1.039
03-2010-18,0.824
03-2010-19,-2.442
03-2010-22,-0.822
03-2010-23,0.941
03-2010-24,-1.485
03-2010-25,0.904
03-2010-26,0.03
03-2010-29,1.039
03-2010-30,-0.105
03-2010-31,-1.984
04-2010-01,0.848
04-2010-05,0.793
04-2010-06,0.145
04-2010-07,-0.973
04-2010-08,0.021
04-2010-09,0.848
04-2010-12,0.777
04-2010-13,-0.074
04-2010-14,0.847
04-2010-15,0.43
04-2010-16,-1.806
04-2010-19,0.215
04-2010-20,0.666
04-2010-21,0.136
04-2010-22,-0.768
04-2010-23,0.433
04-2010-26,0.575
04-2010-27,-2.755
04-2010-28,0.481
04-2010-29,0.785
04-2010-30,-1.787
05-2010-03,0.902
05-2010-04,-0.421
05-2010-05,0.413
05-2010-06,-3.811
05-2010-07,-0.411
05-2010-10,0.902
05-2010-11,0.456
05-2010-12,0.902
05-2010-13,0.313
05-2010-14,-0.247
05-2010-17,0.048
05-2010-18,0.226
05-2010-19,0.048
05-2010-20,-0.867
05-2010-21,0.217
05-2010-24,0.238
05-2010-25,-0.452
05-2010-26,0.466
05-2010-27,0.902
05-2010-28,0.137
06-2010-01,-0.281
06-2010-02,1.043
06-2010-03,0.209
06-2010-04,-2.924
06-2010-07,-0.296
06-2010-08,0.432
06-2010-09,0.229
06-2010-10,1.043
06-2010-11,0.116
06-2010-14,0.761
06-2010-15,1.043
06-2010-16,0.253
06-2010-17,0.042
06-2010-18,0.927
06-2010-21,0.416
06-2010-22,-0.705
06-2010-23,0.315
06-2010-24,-0.812
06-2010-25,0.245
06-2010-28,0.584
06-2010-29,-2.528
06-2010-30,-0.22
07-2010-01,-1.108
07-2010-02,-0.636
07-2010-06,0.654
07-2010-07,0.947
07-2010-08,1.045
07-2010-09,0.752
07-2010-12,0.295
07-2010-13,1.045
07-2010-14,0.078
07-2010-15,-0.756
07-2010-16,-2.89
07-2010-19,0.697
07-2010-20,-0.999
07-2010-21,-1.238
07-2010-22,1.045
07-2010-23,0.566
07-2010-26,0.906
07-2010-27,0.612
07-2010-28,-0.004
07-2010-29,-0.542
07-2010-30,-0.629
08-2010-02,1.327
08-2010-03,0.25
08-2010-04,1.291
08-2010-05,0.341
08-2010-06,-0.939
08-2010-09,1.253
08-2010-10,-0.818
08-2010-11,-2.588
08-2010-12,-0.045
08-2010-13,0.814
08-2010-16,-0.055
08-2010-17,1.328
08-2010-18,0.315
08-2010-19,-1.558
08-2010-20,-0.503
08-2010-23,0.661
08-2010-24,-1.364
08-2010-25,-0.183
08-2010-26,-0.029
08-2010-27,0.656
08-2010-30,-0.712
08-2010-31,0.374
09-2010-01,1.049
09-2010-02,0.59
09-2010-03,1.047
09-2010-07,-2.208
09-2010-08,0.97
09-2010-09,1.006
09-2010-10,0.712
09-2010-13,1.049
09-2010-14,-0.233
09-2010-15,-0.25
09-2010-16,-0.353
09-2010-17,0.247
09-2010-20,1.049
09-2010-21,0.034
09-2010-22,-0.451
09-2010-23,-1.728
09-2010-24,1.047
09-2010-27,-0.386
09-2010-28,-1.243
09-2010-29,-0.633
09-2010-30,-1.53
10-2010-01,0.844
10-2010-04,-1.123
10-2010-05,1.006
10-2010-06,0.679
10-2010-07,-0.361
10-2010-08,0.661
10-2010-11,0.483
10-2010-12,-0.746
10-2010-13,0.995
10-2010-14,-0.321
10-2010-15,-0.536
10-2010-18,0.866
10-2010-19,-3.01
10-2010-20,0.943
10-2010-21,0.302
10-2010-22,0.336
10-2010-25,0.989
10-2010-26,-0.37
10-2010-27,-1.663
10-2010-28,-0.344
10-2010-29,0.2
11-2010-01,0.365
11-2010-02,1.294
11-2010-03,-0.108
11-2010-04,1.294
11-2010-05,0.626
11-2010-08,0.06
11-2010-09,-0.315
11-2010-10,-0.113
11-2010-11,-0.236
11-2010-12,-0.908
11-2010-15,1.216
11-2010-16,-2.164
11-2010-17,0.861
11-2010-18,1.292
11-2010-19,0.308
11-2010-22,-1.064
11-2010-23,-1.678
11-2010-24,1.294
11-2010-26,-0.57
11-2010-29,-1.181
11-2010-30,-0.416
12-2010-01,1.184
12-2010-02,1.18
12-2010-03,-1.158
12-2010-06,-0.505
12-2010-07,0.653
12-2010-08,-0.282
12-2010-09,-0.934
12-2010-10,0.513
12-2010-13,1.139
12-2010-14,1.168
12-2010-15,-0.446
12-2010-16,-0.808
12-2010-17,-1.427
12-2010-20,-1.46
12-2010-21,1.18
12-2010-22,0.962
12-2010-23,0.287
12-2010-27,-1.773
12-2010-28,0.441
12-2010-29,1.18
12-2010-30,-0.635
12-2010-31,-0.937
01-2011-03,0.896
01-2011-04,0.137
01-2011-05,0.125
01-2011-06,-0.172
01-2011-07,-1.205
01-2011-10,-1.233
01-2011-11,0.833
01-2011-12,0.898
01-2011-13,-0.253
01-2011-14,0.177
01-2011-18,0.772
01-2011-19,0.124
01-2011-20,-0.81
01-2011-21,0.895
01-2011-24,0.78
01-2011-25,-0.872
01-2011-26,0.53
01-2011-27,0.607
01-2011-28,-3.156
01-2011-31,0.757
02-2011-01,0.855
02-2011-02,0.506
02-2011-03,-0.199
02-2011-04,0.22
02-2011-07,0.854
02-2011-08,0.808
02-2011-09,0.129
02-2011-10,-0.607
02-2011-11,0.019
02-2011-14,0.309
02-2011-15,-0.444
02-2011-16,0.855
02-2011-17,0.246
02-2011-18,0.582
02-2011-22,-2.919
02-2011-23,-1.769
02-2011-24,-1.291
02-2011-25,0.855
02-2011-28,0.85
03-2011-01,-1.006
03-2011-02,0.392
03-2011-03,0.8
03-2011-04,-1.089
03-2011-07,-0.564
03-2011-08,0.656
03-2011-09,0.225
03-2011-10,-1.697
03-2011-11,0.372
03-2011-14,-0.725
03-2011-15,-2.28
03-2011-16,-2.346
03-2011-17,0.799
03-2011-18,0.8
03-2011-21,0.8
03-2011-22,0.447
03-2011-23,0.318
03-2011-24,0.8
03-2011-25,0.8
03-2011-28,0.554
03-2011-29,0.579
03-2011-30,0.8
03-2011-31,0.466
04-2011-01,0.739
04-2011-04,0.651
04-2011-05,-0.046
04-2011-06,0.739
04-2011-07,-0.84
04-2011-08,-0.696
04-2011-11,0.295
04-2011-12,-1.647
04-2011-13,0.108
04-2011-14,-0.974
04-2011-15,0.532
04-2011-18,-3.218
04-2011-19,0.72
04-2011-20,0.688
04-2011-21,0.641
04-2011-25,-0.226
04-2011-26,0.695
04-2011-27,0.676
04-2011-28,0.492
04-2011-29,0.54
05-2011-02,0.754
05-2011-03,0.284
05-2011-04,-0.889
05-2011-05,-1.943
05-2011-06,1.131
05-2011-09,0.875
05-2011-10,1.091
05-2011-11,-1.428
05-2011-12,-0.271
05-2011-13,-1.181
05-2011-16,0.168
05-2011-17,-1.334
05-2011-18,0.706
05-2011-19,0.717
05-2011-20,-0.669
05-2011-23,-1.595
05-2011-24,0.663
05-2011-25,0.443
05-2011-26,0.02
05-2011-27,1.138
05-2011-31,1.144
06-2011-01,-2.494
06-2011-02,-0.306
06-2011-03,-0.826
06-2011-06,-0.09
06-2011-07,0.573
06-2011-08,0.358
06-2011-09,0.843
06-2011-10,-1.327
06-2011-13,0.526
06-2011-14,0.847
06-2011-15,-1.628
06-2011-16,0.61
06-2011-17,0.845
06-2011-20,0.463
06-2011-21,0.845
06-2011-22,-0.129
06-2011-23,-1.87
06-2011-24,-0.594
06-2011-27,0.84
06-2011-28,0.832
06-2011-29,0.71
06-2011-30,0.845
07-2011-01,0.98
07-2011-05,0.7
07-2011-06,0.789
07-2011-07,1.13
07-2011-08,-1.077
07-2011-11,-1.588
07-2011-12,0.27
07-2011-13,1.13
07-2011-14,-0.001
07-2011-15,0.675
07-2011-18,-1.493
07-2011-19,1.129
07-2011-20,0.586
07-2011-21,1.123
07-2011-22,-0.051
07-2011-25,-0.975
07-2011-26,-0.382
07-2011-27,-1.931
07-2011-28,0.032
07-2011-29,-1.157
08-2011-01,0.217
08-2011-02,-0.406
08-2011-03,0.126
08-2011-04,-1.765
08-2011-05,-0.304
08-2011-08,-2.306
08-2011-09,-0.103
08-2011-10,-1.87
08-2011-11,0.989
08-2011-12,0.982
08-2011-15,0.989
08-2011-16,-0.003
08-2011-17,0.621
08-2011-18,-1.781
08-2011-19,-0.005
08-2011-22,0.989
08-2011-23,0.988
08-2011-24,0.658
08-2011-25,-0.142
08-2011-26,-0.176
08-2011-29,0.988
08-2011-30,0.446
08-2011-31,0.818
09-2011-01,0.21
09-2011-02,-0.909
09-2011-06,-1.082
09-2011-07,1.106
09-2011-08,0.165
09-2011-09,-1.471
09-2011-12,-0.08
09-2011-13,0.619
09-2011-14,0.295
09-2011-15,1.104
09-2011-16,0.917
09-2011-19,-0.7
09-2011-20,0.908
09-2011-21,-0.985
09-2011-22,-2.661
09-2011-23,0.431
09-2011-26,1.106
09-2011-27,1.106
09-2011-28,-0.273
09-2011-29,0.766
09-2011-30,-0.637
10-2011-03,-1.655
10-2011-04,-1.533
10-2011-05,0.375
10-2011-06,0.18
10-2011-07,0.272
10-2011-10,1.019
10-2011-11,0.326
10-2011-12,1.019
10-2011-13,-0.431
10-2011-14,1.016
10-2011-17,-1.72
10-2011-18,-0.015
10-2011-19,-0.101
10-2011-20,-0.128
10-2011-21,1.016
10-2011-24,0.997
10-2011-25,-1.359
10-2011-26,0.881
10-2011-27,1.019
10-2011-28,0.574
10-2011-31,-1.821
11-2011-01,-1.593
11-2011-02,0.904
11-2011-03,0.902
11-2011-04,-0.596
11-2011-07,0.109
11-2011-08,0.489
11-2011-09,-2.431
11-2011-10,0.902
11-2011-11,0.904
11-2011-14,-0.074
11-2011-15,0.308
11-2011-16,-0.604
11-2011-17,-0.877
11-2011-18,0.801
11-2011-21,-1.748
11-2011-22,0.062
11-2011-23,-0.922
11-2011-25,0.745
11-2011-28,0.901
11-2011-29,0.857
11-2011-30,0.904
12-2011-01,-0.024
12-2011-02,0.726
12-2011-05,0.929
12-2011-06,0.649
12-2011-07,-0.19
12-2011-08,-2.131
12-2011-09,0.923
12-2011-12,-2.271
12-2011-13,-0.593
12-2011-14,-1.246
12-2011-15,0.929
12-2011-16,0.251
12-2011-19,-0.821
12-2011-20,0.925
12-2011-21,-0.458
12-2011-22,0.927
12-2011-23,0.929
12-2011-27,0.616
12-2011-28,-1.052
12-2011-29,0.927
12-2011-30,-0.036
01-2012-03,1.314
01-2012-04,0.134
01-2012-05,-1.56
01-2012-06,-0.289
01-2012-09,0.77
01-2012-10,1.314
01-2012-11,0.021
01-2012-12,-0.071
01-2012-13,-2.065
01-2012-17,1.314
01-2012-18,0.855
01-2012-19,1.002
01-2012-20,1.248
01-2012-23,0.151
01-2012-24,-0.712
01-2012-25,-0.684
01-2012-26,-0.006
01-2012-27,-0.891
01-2012-30,-1.458
01-2012-31,-0.554
02-2012-01,1.19
02-2012-02,0.173
02-2012-03,1.188
02-2012-06,-0.499
02-2012-07,-0.362
02-2012-08,-0.018
02-2012-09,0.236
02-2012-10,-2.475
02-2012-13,1.19
02-2012-14,-0.94
02-2012-15,-1.598
02-2012-16,1.184
02-2012-17,1.188
02-2012-21,0.607
02-2012-22,-0.1
02-2012-23,-0.176
02-2012-24,0.422
02-2012-27,-1.284
02-2012-28,0.59
02-2012-29,-0.712
03-2012-01,0.684
03-2012-02,-0.096
03-2012-05,-0.817
03-2012-06,-3.141
03-2012-07,0.766
03-2012-08,0.848
03-2012-09,0.809
03-2012-12,0.838
03-2012-13,0.847
03-2012-14,0.654
03-2012-15,0.442
03-2012-16,0.455
03-2012-19,0.433
03-2012-20,-1.203
03-2012-21,-0.183
03-2012-22,-1.059
03-2012-23,0.078
03-2012-26,0.844
03-2012-27,-0.003
03-2012-28,-1.4
03-2012-29,-0.815
03-2012-30,0.845
04-2012-02,0.176
04-2012-03,-0.788
04-2012-04,-1.469
04-2012-05,0.216
04-2012-09,-1.146
04-2012-10,-2.041
04-2012-11,0.969
04-2012-12,0.967
04-2012-13,-0.969
04-2012-16,0.967
04-2012-17,0.969
04-2012-18,-0.228
04-2012-19,-0.845
04-2012-20,0.965
04-2012-23,-1.542
04-2012-24,0.951
04-2012-25,0.912
04-2012-26,0.774
04-2012-27,0.797
04-2012-30,0.25
05-2012-01,0.934
05-2012-02,0.184
05-2012-03,0.087
05-2012-04,-1.372
05-2012-07,0.508
05-2012-08,-1.503
05-2012-09,-1.228
05-2012-10,1.39
05-2012-11,0.401
05-2012-14,-0.964
05-2012-15,0.168
05-2012-16,1.249
05-2012-17,-0.977
05-2012-18,-0.144
05-2012-21,1.549
05-2012-22,0.634
05-2012-23,-1.496
05-2012-24,0.404
05-2012-25,-0.192
05-2012-29,1.568
05-2012-30,-1.378
05-2012-31,-0.01
06-2012-01,-2.395
06-2012-04,-0.122
06-2012-05,0.515
06-2012-06,0.845
06-2012-07,0.845
06-2012-08,0.134
06-2012-11,-0.926
06-2012-12,0.843
06-2012-13,-0.44
06-2012-14,0.842
06-2012-15,0.836
06-2012-18,0.037
06-2012-19,0.843
06-2012-20,-0.206
06-2012-21,-2.139
06-2012-22,0.843
06-2012-25,-1.228
06-2012-26,0.257
06-2012-27,0.843
06-2012-28,-1.163
06-2012-29,0.844
07-2012-02,-0.038
07-2012-03,0.88
07-2012-05,-0.119
07-2012-06,-1.566
07-2012-09,-0.057
07-2012-10,-0.677
07-2012-11,-0.554
07-2012-12,-0.43
07-2012-13,1.21
07-2012-16,-0.069
07-2012-17,-0.029
07-2012-18,0.587
07-2012-19,0.927
07-2012-20,-0.757
07-2012-23,-2.323
07-2012-24,-1.755
07-2012-25,1.219
07-2012-26,1.221
07-2012-27,1.215
07-2012-30,0.735
07-2012-31,0.246
08-2012-01,-0.138
08-2012-02,-3.009
08-2012-03,1.064
08-2012-06,1.06
08-2012-07,1.059
08-2012-08,0.149
08-2012-09,0.004
08-2012-10,-0.392
08-2012-13,-0.9
08-2012-14,0.508
08-2012-15,0.653
08-2012-16,0.692
08-2012-17,0.928
08-2012-20,0.113
08-2012-21,-0.762
08-2012-22,-0.601
08-2012-23,-1.603
08-2012-24,0.517
08-2012-27,0.161
08-2012-28,0.175
08-2012-29,0.59
08-2012-30,-1.549
08-2012-31,1.062
09-2012-04,-1.955
09-2012-05,0.579
09-2012-06,1.025
09-2012-07,0.425
09-2012-10,-0.453
09-2012-11,0.993
09-2012-12,0.923
09-2012-13,0.91
09-2012-14,0.862
09-2012-17,-0.576
09-2012-18,0.134
09-2012-19,0.804
09-2012-20,-0.842
09-2012-21,0.362
09-2012-24,-0.428
09-2012-25,-1.633
09-2012-26,-0.312
09-2012-27,1.029
09-2012-28,-2.047
10-2012-01,0.952
10-2012-02,-0.331
10-2012-03,0.383
10-2012-04,0.952
10-2012-05,0.945
10-2012-08,0.424
10-2012-09,-0.603
10-2012-10,-1.119
10-2012-11,0.665
10-2012-12,0.537
10-2012-15,0.9
10-2012-16,0.95
10-2012-17,-0.052
10-2012-18,0.351
10-2012-19,-2.357
10-2012-22,-0.597
10-2012-23,-2.761
10-2012-24,0.385
10-2012-25,0.068
10-2012-26,0.043
10-2012-31,0.166
11-2012-01,0.956
11-2012-02,-0.956
11-2012-05,0.3
11-2012-06,0.957
11-2012-07,-3.353
11-2012-08,-0.533
11-2012-09,0.126
11-2012-12,0.553
11-2012-13,0.219
11-2012-14,-1.542
11-2012-15,0.043
11-2012-16,0.089
11-2012-19,0.957
11-2012-20,-0.144
11-2012-21,0.929
11-2012-23,0.955
11-2012-26,-0.371
11-2012-27,-0.209
11-2012-28,-0.395
11-2012-29,0.767
11-2012-30,0.548
12-2012-03,-0.21
12-2012-04,0.549
12-2012-05,0.565
12-2012-06,0.695
12-2012-07,1.027
12-2012-10,0.741
12-2012-11,1.027
12-2012-12,0.617
12-2012-13,-0.679
12-2012-14,0.079
12-2012-17,1.017
12-2012-18,0.954
12-2012-19,-0.772
12-2012-20,0.472
12-2012-21,-2.368
12-2012-24,-0.089
12-2012-26,-0.096
12-2012-27,-1.706
12-2012-28,-2.02
12-2012-31,0.043
01-2013-02,1.039
01-2013-03,-0.856
01-2013-04,0.526
01-2013-07,-2.176
01-2013-08,-1.881
01-2013-09,1.01
01-2013-10,0.709
01-2013-11,-0.051
01-2013-14,0.049
01-2013-15,-1.092
01-2013-16,-1.245
01-2013-17,1.005
01-2013-18,0.202
01-2013-22,0.113
01-2013-23,0.967
01-2013-24,1.039
01-2013-25,1.039
01-2013-28,-0.118
01-2013-29,0.973
01-2013-30,-0.952
01-2013-31,-0.687
02-2013-01,0.936
02-2013-04,-1.449
02-2013-05,0.936
02-2013-06,-0.167
02-2013-07,-1.305
02-2013-08,0.936
02-2013-11,0.059
02-2013-12,0.898
02-2013-13,-0.281
02-2013-14,-0.081
02-2013-15,-0.176
02-2013-19,0.872
02-2013-20,-1.006
02-2013-21,-0.618
02-2013-22,0.936
02-2013-25,-2.677
02-2013-26,0.936
02-2013-27,0.603
02-2013-28,0.516
03-2013-01,-1.503
03-2013-04,-0.31
03-2013-05,0.919
03-2013-06,0.903
03-2013-07,0.919
03-2013-08,0.919
03-2013-11,0.427
03-2013-12,0.189
03-2013-13,0.123
03-2013-14,0.919
03-2013-15,-0.503
03-2013-18,-1.359
03-2013-19,-0.531
03-2013-20,0.919
03-2013-21,-1.748
03-2013-22,0.919
03-2013-25,-1.506
03-2013-26,0.919
03-2013-27,-1.57
03-2013-28,0.809
04-2013-01,0.28
04-2013-02,0.938
04-2013-03,-0.974
04-2013-04,0.776
04-2013-05,-1.465
04-2013-08,-0.006
04-2013-09,0.729
04-2013-10,0.938
04-2013-11,0.702
04-2013-12,-0.105
04-2013-15,-2.791
04-2013-16,0.938
04-2013-17,-1.804
04-2013-18,-0.787
04-2013-19,-0.365
04-2013-22,-0.32
04-2013-23,0.758
04-2013-24,0.198
04-2013-25,0.787
04-2013-26,0.715
04-2013-29,0.938
04-2013-30,-0.241
05-2013-01,-1.609
05-2013-02,0.954
05-2013-03,0.954
05-2013-06,0.403
05-2013-07,0.954
05-2013-08,0.378
05-2013-09,-0.023
05-2013-10,0.208
05-2013-13,-0.052
05-2013-14,0.914
05-2013-15,0.342
05-2013-16,-0.021
05-2013-17,0.954
05-2013-20,0.381
05-2013-21,0.798
05-2013-22,-1.079
05-2013-23,-1.065
05-2013-24,-0.575
05-2013-28,0.954
05-2013-29,-1.906
05-2013-30,0.534
05-2013-31,-2.514
06-2013-03,0.984
06-2013-04,-0.527
06-2013-05,-1.193
06-2013-06,-0.104
06-2013-07,0.984
06-2013-10,0.627
06-2013-11,-0.437
06-2013-12,-0.475
06-2013-13,0.602
06-2013-14,-0.32
06-2013-17,0.984
06-2013-18,0.984
06-2013-19,-1.006
06-2013-20,-2.67
06-2013-21,0.278
06-2013-24,-1.408
06-2013-25,0.984
06-2013-26,0.981
06-2013-27,0.984
06-2013-28,-0.305
07-2013-01,1.063
07-2013-02,-1.652
07-2013-03,-0.621
07-2013-05,0.433
07-2013-08,1.063
07-2013-09,1.063
07-2013-10,0.046
07-2013-11,1.063
07-2013-12,-0.247
07-2013-15,0.961
07-2013-16,-0.738
07-2013-17,0.575
07-2013-18,1.063
07-2013-19,0.224
07-2013-22,0.342
07-2013-23,0.987
07-2013-24,-1.012
07-2013-25,-1.109
07-2013-26,-2.646
07-2013-29,-0.883
07-2013-30,-0.376
07-2013-31,0.138
08-2013-01,1.406
08-2013-02,0.193
08-2013-05,0.224
08-2013-06,-0.972
08-2013-07,-0.257
08-2013-08,0.373
08-2013-09,-1.235
08-2013-12,0.433
08-2013-13,0.027
08-2013-14,-0.902
08-2013-15,-2.797
08-2013-16,0.382
08-2013-19,0.15
08-2013-20,1.06
08-2013-21,-0.583
08-2013-22,1.237
08-2013-23,0.393
08-2013-26,0.185
08-2013-27,-1.655
08-2013-28,1.22
08-2013-29,0.952
08-2013-30,-0.033
09-2013-03,0.504
09-2013-04,0.346
09-2013-05,0.81
09-2013-06,-1.687
09-2013-09,0.916
09-2013-10,0.916
09-2013-11,0.916
09-2013-12,0.165
09-2013-13,0.916
09-2013-16,0.916
09-2013-17,0.916
09-2013-18,-0.159
09-2013-19,0.02
09-2013-20,-2.283
09-2013-23,-0.522
09-2013-24,-0.374
09-2013-25,-0.553
09-2013-26,0.916
09-2013-27,-0.891
09-2013-30,-1.875
10-2013-01,0.756
10-2013-02,-1.195
10-2013-03,-1.907
10-2013-04,0.752
10-2013-07,-1.372
10-2013-08,-1.644
10-2013-09,0.139
10-2013-10,1.129
10-2013-11,0.684
10-2013-14,-0.471
10-2013-15,-1.212
10-2013-16,1.129
10-2013-17,-1.237
10-2013-18,0.288
10-2013-21,0.477
10-2013-22,1.129
10-2013-23,-0.542
10-2013-24,1.116
10-2013-25,0.947
10-2013-28,0.527
10-2013-29,1.129
10-2013-30,-0.661
10-2013-31,-0.139
11-2013-01,0.521
11-2013-04,0.101
11-2013-05,-1.682
11-2013-06,0.866
11-2013-07,-2.989
11-2013-08,0.581
11-2013-11,0.35
11-2013-12,-0.65
11-2013-13,-0.712
11-2013-14,0.691
11-2013-15,0.86
11-2013-18,0.386
11-2013-19,0.158
11-2013-20,-1.607
11-2013-21,0.866
11-2013-22,0.108
11-2013-25,0.477
11-2013-26,0.866
11-2013-27,0.491
11-2013-29,0.141
12-2013-02,-1.028
12-2013-03,-1.876
12-2013-04,-1.38
12-2013-05,-0.571
12-2013-06,0.912
12-2013-09,0.831
12-2013-10,-0.138
12-2013-11,-1.838
12-2013-12,-1.799
12-2013-13,0.378
12-2013-16,0.912
12-2013-17,-0.003
12-2013-18,-0.389
12-2013-19,0.124
12-2013-20,0.912
12-2013-23,0.912
12-2013-24,0.912
12-2013-26,0.912
12-2013-27,0.428
12-2013-30,0.765
12-2013-31,0.894
01-2014-02,-0.573
01-2014-03,0.949
01-2014-06,0.388
01-2014-07,1.143
01-2014-08,-0.08
01-2014-09,0.12
01-2014-10,0.321
01-2014-13,-0.988
01-2014-14,1.13
01-2014-15,1.129
01-2014-16,0.017
01-2014-17,0.821
01-2014-21,-0.433
01-2014-22,0.179
01-2014-23,-1.407
01-2014-24,-2.429
01-2014-27,0.09
01-2014-28,1.143
01-2014-29,-1.26
01-2014-30,1.035
01-2014-31,-1.387
02-2014-03,-3.881
02-2014-04,0.56
02-2014-05,-0.614
02-2014-06,0.771
02-2014-07,0.713
02-2014-10,-0.036
02-2014-11,0.772
02-2014-12,-0.095
02-2014-13,-0.361
02-2014-14,0.336
02-2014-18,0.142
02-2014-19,-0.509
02-2014-20,0.27
02-2014-21,0.208
02-2014-24,0.783
02-2014-25,-0.038
02-2014-26,0.448
02-2014-27,0.265
02-2014-28,0.139
03-2014-03,-2.274
03-2014-04,0.923
03-2014-05,0.261
03-2014-06,0.923
03-2014-07,0.596
03-2014-10,-0.594
03-2014-11,-0.279
03-2014-12,-0.234
03-2014-13,-2.363
03-2014-14,0.166
03-2014-17,0.923
03-2014-18,0.923
03-2014-19,-1.75
03-2014-20,0.136
03-2014-21,0.388
03-2014-24,-0.196
03-2014-25,0.923
03-2014-26,-0.375
03-2014-27,-0.058
03-2014-28,0.923
03-2014-31,0.923
04-2014-01,0.867
04-2014-02,0.535
04-2014-03,0.297
04-2014-04,-1.486
04-2014-07,-1.317
04-2014-08,0.038
04-2014-09,0.873
04-2014-10,-2.781
04-2014-11,-1.103
04-2014-14,0.873
04-2014-15,-0.547
04-2014-16,0.873
04-2014-17,0.152
04-2014-21,0.785
04-2014-22,0.873
04-2014-23,0.404
04-2014-24,0.215
04-2014-25,-1.308
04-2014-28,0.222
04-2014-29,0.873
04-2014-30,0.564
05-2014-01,0.077
05-2014-02,-0.244
05-2014-05,-1.235
05-2014-06,-1.188
05-2014-07,0.258
05-2014-08,0.734
05-2014-09,0.119
05-2014-12,1.007
05-2014-13,1.007
05-2014-14,-1.039
05-2014-15,-2.644
05-2014-16,0.449
05-2014-19,0.192
05-2014-20,-1.865
05-2014-21,1.007
05-2014-22,0.278
05-2014-23,1.007
05-2014-27,1.007
05-2014-28,0.081
05-2014-29,0.714
05-2014-30,0.187
06-2014-02,0.456
06-2014-03,0.157
06-2014-04,0.166
06-2014-05,0.596
06-2014-06,1.329
06-2014-09,0.999
06-2014-10,0.251
06-2014-11,-1.715
06-2014-12,-2.103
06-2014-13,0.926
06-2014-16,0.257
06-2014-17,0.167
06-2014-18,0.053
06-2014-19,0.049
06-2014-20,1.329
06-2014-23,0.064
06-2014-24,-1.918
06-2014-25,0.87
06-2014-26,-1.701
06-2014-27,-0.505
06-2014-30,0.06
07-2014-01,0.941
07-2014-02,0.941
07-2014-03,0.941
07-2014-07,0.024
07-2014-08,-0.951
07-2014-09,0.903
07-2014-10,-1.307
07-2014-11,0.196
07-2014-14,0.941
07-2014-15,0.317
07-2014-16,0.941
07-2014-17,-1.208
07-2014-18,0.933
07-2014-21,-0.61
07-2014-22,0.751
07-2014-23,0.184
07-2014-24,0.544
07-2014-25,-1.164
07-2014-28,-0.076
07-2014-29,0.014
07-2014-30,-0.381
07-2014-31,-2.994
08-2014-01,-1.438
08-2014-04,-0.016
08-2014-05,-2.635
08-2014-06,-0.13
08-2014-07,-1.254
08-2014-08,0.731
08-2014-11,0.83
08-2014-12,-0.034
08-2014-13,0.83
08-2014-14,0.727
08-2014-15,-1.746
08-2014-18,0.83
08-2014-19,0.83
08-2014-20,0.585
08-2014-21,0.83
08-2014-22,-0.148
08-2014-25,0.83
08-2014-26,0.83
08-2014-27,0.459
08-2014-28,-1.003
08-2014-29,-0.044
09-2014-02,-0.316
09-2014-03,1.019
09-2014-04,0.256
09-2014-05,0.21
09-2014-08,0.272
09-2014-09,-0.788
09-2014-10,0.453
09-2014-11,-0.073
09-2014-12,-0.612
09-2014-15,0.521
09-2014-16,0.451
09-2014-17,0.445
09-2014-18,1.134
09-2014-19,0.974
09-2014-22,-0.71
09-2014-23,-0.672
09-2014-24,0.761
09-2014-25,-3.118
09-2014-26,1.126
09-2014-29,-1.71
09-2014-30,0.259
10-2014-01,-1.209
10-2014-02,-0.138
10-2014-03,0.966
10-2014-06,0.308
10-2014-07,-1.275
10-2014-08,0.51
10-2014-09,-1.834
10-2014-10,0.053
10-2014-13,-0.885
10-2014-14,0.569
10-2014-15,-2.803
10-2014-16,-0.695
10-2014-17,0.966
10-2014-20,0.04
10-2014-21,0.964
10-2014-22,-0.312
10-2014-23,0.966
10-2014-24,0.741
10-2014-27,0.421
10-2014-28,0.966
10-2014-29,0.064
10-2014-30,0.576
10-2014-31,0.966
11-2014-03,-0.563
11-2014-04,-2.118
11-2014-05,1.452
11-2014-06,-0.573
11-2014-07,-1.122
11-2014-10,0.605
11-2014-11,0.24
11-2014-12,-1.255
11-2014-13,0.078
11-2014-14,-0.123
11-2014-17,0.464
11-2014-18,1.41
11-2014-19,-0.956
11-2014-20,-1.446
11-2014-21,1.452
11-2014-24,0.685
11-2014-25,0.341
11-2014-26,0.62
11-2014-28,0.553
12-2014-01,-0.214
12-2014-02,0.839
12-2014-03,0.574
12-2014-04,-0.157
12-2014-05,0.839
12-2014-08,-0.736
12-2014-09,-1.438
12-2014-10,-2.191
12-2014-11,0.839
12-2014-12,-2.393
12-2014-15,-0.943
12-2014-16,-0.264
12-2014-17,0.839
12-2014-18,0.839
12-2014-19,0.51
12-2014-22,0.839
12-2014-23,0.824
12-2014-24,0.755
12-2014-26,0.839
12-2014-29,0.577
12-2014-30,0.051
12-2014-31,-0.905
01-2015-02,0.685
01-2015-05,-1.759
01-2015-06,-0.761
01-2015-07,1.57
01-2015-08,1.57
01-2015-09,-0.598
01-2015-12,-0.073
01-2015-13,0.155
01-2015-14,-1.748
01-2015-15,0.237
01-2015-16,0.833
01-2015-20,-0.071
01-2015-21,0.472
01-2015-22,0.849
01-2015-23,0.172
01-2015-26,0.601
01-2015-27,-1.806
01-2015-28,-0.492
01-2015-29,1.001
01-2015-30,-0.937
02-2015-02,-1.497
02-2015-03,1.322
02-2015-04,0.005
02-2015-05,1.322
02-2015-06,-1.176
02-2015-09,-1.581
02-2015-10,1.175
02-2015-11,-0.985
02-2015-12,1.322
02-2015-13,1.175
02-2015-17,-0.136
02-2015-18,-0.032
02-2015-19,-0.897
02-2015-20,-0.968
02-2015-23,-0.51
02-2015-24,1.027
02-2015-25,0.769
02-2015-26,-0.114
02-2015-27,-0.403
03-2015-02,0.953
03-2015-03,-0.275
03-2015-04,-0.54
03-2015-05,0.973
03-2015-06,-1.796
03-2015-09,1.058
03-2015-10,-1.944
03-2015-11,0.728
03-2015-12,1.0
03-2015-13,-1.324
03-2015-16,1.058
03-2015-17,-0.655
03-2015-18,-0.314
03-2015-19,-0.213
03-2015-20,1.058
03-2015-23,0.868
03-2015-24,0.135
03-2015-25,-1.645
03-2015-26,-0.201
03-2015-27,0.662
03-2015-30,1.058
03-2015-31,-0.71
04-2015-01,-1.21
04-2015-02,0.756
04-2015-06,-0.214
04-2015-07,0.908
04-2015-08,0.411
04-2015-09,0.129
04-2015-10,0.93
04-2015-13,0.152
04-2015-14,0.197
04-2015-15,1.062
04-2015-16,0.564
04-2015-17,-3.094
04-2015-20,1.062
04-2015-21,-0.166
04-2015-22,0.321
04-2015-23,0.297
04-2015-24,0.506
04-2015-27,0.202
04-2015-28,-0.33
04-2015-29,-0.582
04-2015-30,-1.972
05-2015-01,0.983
05-2015-04,0.983
05-2015-05,-1.175
05-2015-06,-1.792
05-2015-07,0.387
05-2015-08,0.983
05-2015-11,-0.375
05-2015-12,-1.375
05-2015-13,0.554
05-2015-14,0.983
05-2015-15,0.475
05-2015-18,0.667
05-2015-19,0.445
05-2015-20,0.398
05-2015-21,0.488
05-2015-22,0.024
05-2015-26,-2.316
05-2015-27,0.983
05-2015-28,-0.224
05-2015-29,-1.224
06-2015-01,0.508
06-2015-02,-0.317
06-2015-03,0.825
06-2015-04,-1.317
06-2015-05,-0.026
06-2015-08,-0.098
06-2015-09,0.323
06-2015-10,0.916
06-2015-11,0.916
06-2015-12,-1.125
06-2015-15,-1.28
06-2015-16,0.764
06-2015-17,0.118
06-2015-18,0.916
06-2015-19,-0.29
06-2015-22,0.916
06-2015-23,0.76
06-2015-24,-1.06
06-2015-25,-0.074
06-2015-26,0.916
06-2015-29,-3.037
06-2015-30,0.648
07-2015-01,1.039
07-2015-02,0.132
07-2015-06,-0.919
07-2015-07,-1.583
07-2015-08,-2.104
07-2015-09,1.039
07-2015-10,1.039
07-2015-13,1.039
07-2015-14,0.818
07-2015-15,0.522
07-2015-16,0.885
07-2015-17,0.016
07-2015-20,0.783
07-2015-21,-1.692
07-2015-22,-0.288
07-2015-23,-0.74
07-2015-24,-1.082
07-2015-27,-0.906
07-2015-28,1.039
07-2015-29,1.013
07-2015-30,-0.186
07-2015-31,0.031
08-2015-03,-0.01
08-2015-04,0.45
08-2015-05,0.573
08-2015-06,0.076
08-2015-07,0.262
08-2015-10,0.836
08-2015-11,-0.183
08-2015-12,-0.251
08-2015-13,0.581
08-2015-14,0.768
08-2015-17,0.282
08-2015-18,0.621
08-2015-19,-0.121
08-2015-20,-0.664
08-2015-21,-1.41
08-2015-24,-3.771
08-2015-25,-0.141
08-2015-26,0.836
08-2015-27,0.836
08-2015-28,0.353
08-2015-31,0.041
09-2015-01,-2.683
09-2015-02,0.912
09-2015-03,0.604
09-2015-04,-1.352
09-2015-08,0.912
09-2015-09,-0.957
09-2015-10,0.647
09-2015-11,0.35
09-2015-14,0.125
09-2015-15,0.912
09-2015-16,0.875
09-2015-17,0.268
09-2015-18,-1.259
09-2015-21,0.819
09-2015-22,-0.765
09-2015-23,0.12
09-2015-24,-0.667
09-2015-25,0.912
09-2015-28,-1.262
09-2015-29,0.523
09-2015-30,0.912
10-2015-01,-2.114
10-2015-02,-2.725
10-2015-05,1.027
10-2015-06,0.598
10-2015-07,0.407
10-2015-08,0.339
10-2015-09,0.606
10-2015-12,0.755
10-2015-13,-0.186
10-2015-14,-1.909
10-2015-15,0.854
10-2015-16,0.499
10-2015-19,-0.204
10-2015-20,-0.207
10-2015-21,-0.09
10-2015-22,1.027
10-2015-23,1.027
10-2015-26,0.305
10-2015-27,-0.021
10-2015-28,0.567
10-2015-29,-0.304
10-2015-30,-0.411
11-2015-02,0.867
11-2015-03,0.78
11-2015-04,-0.323
11-2015-05,-0.198
11-2015-06,-0.121
11-2015-09,-2.215
11-2015-10,0.169
11-2015-11,0.08
11-2015-12,-2.436
11-2015-13,-1.748
11-2015-16,0.84
11-2015-17,0.61
11-2015-18,1.119
11-2015-19,0.291
11-2015-20,1.119
11-2015-23,0.088
11-2015-24,-0.132
11-2015-25,0.848
11-2015-27,0.307
11-2015-30,-0.069
12-2015-01,1.078
12-2015-02,-0.421
12-2015-03,-1.629
12-2015-04,1.078
12-2015-07,-0.689
12-2015-08,-0.795
12-2015-09,-0.247
12-2015-10,0.919
12-2015-11,-1.871
12-2015-14,-0.11
12-2015-15,0.79
12-2015-16,0.674
12-2015-17,-1.175
12-2015-18,-2.098
12-2015-21,0.75
12-2015-22,0.986
12-2015-23,1.078
12-2015-24,0.655
12-2015-28,0.236
12-2015-29,1.078
12-2015-30,0.024
12-2015-31,-0.374
01-2016-04,-1.341
01-2016-05,0.593
01-2016-06,-0.71
01-2016-07,-1.209
01-2016-08,0.047
01-2016-11,0.492
01-2016-12,0.661
01-2016-13,-1.087
01-2016-14,0.736
01-2016-15,-1.708
01-2016-19,0.591
01-2016-20,-1.86
01-2016-21,0.848
01-2016-22,1.214
01-2016-25,0.037
01-2016-26,1.214
01-2016-27,-0.443
01-2016-28,0.663
01-2016-29,1.214
02-2016-01,-0.045
02-2016-02,-1.381
02-2016-03,-0.652
02-2016-04,0.723
02-2016-05,-1.181
02-2016-08,-1.654
02-2016-09,0.208
02-2016-10,0.111
02-2016-11,-2.085
02-2016-12,1.261
02-2016-16,1.261
02-2016-17,1.261
02-2016-18,0.47
02-2016-19,0.134
02-2016-22,1.261
02-2016-23,-0.492
02-2016-24,-0.883
02-2016-25,0.871
02-2016-26,0.509
02-2016-29,0.212
03-2016-01,1.262
03-2016-02,-0.632
03-2016-03,-0.422
03-2016-04,0.232
03-2016-07,0.128
03-2016-08,-1.621
03-2016-09,0.788
03-2016-10,-2.849
03-2016-11,1.262
03-2016-14,0.228
03-2016-15,-0.899
03-2016-16,0.252
03-2016-17,0.732
03-2016-18,1.262
03-2016-21,0.405
03-2016-22,-0.128
03-2016-23,-1.027
03-2016-24,-0.665
03-2016-28,0.524
03-2016-29,-0.486
03-2016-30,1.262
03-2016-31,0.228
04-2016-01,-0.214
04-2016-04,-0.132
04-2016-05,-0.941
04-2016-06,0.287
04-2016-07,-1.991
04-2016-08,0.867
04-2016-11,0.813
04-2016-12,1.021
04-2016-13,1.31
04-2016-14,0.874
04-2016-15,0.358
04-2016-18,0.628
04-2016-19,0.86
04-2016-20,0.85
04-2016-21,-0.787
04-2016-22,0.088
04-2016-25,-0.891
04-2016-26,0.445
04-2016-27,0.076
04-2016-28,-2.386
04-2016-29,-1.31
05-2016-02,0.923
05-2016-03,-1.447
05-2016-04,-0.525
05-2016-05,0.441
05-2016-06,0.176
05-2016-09,0.107
05-2016-10,1.049
05-2016-11,-1.548
05-2016-12,-0.022
05-2016-13,-1.431
05-2016-16,1.049
05-2016-17,-1.842
05-2016-18,0.012
05-2016-19,-1.237
05-2016-20,1.049
05-2016-23,0.712
05-2016-24,1.049
05-2016-25,1.049
05-2016-26,0.353
05-2016-27,1.022
05-2016-31,-1.042
06-2016-01,0.003
06-2016-02,0.036
06-2016-03,-0.154
06-2016-06,0.676
06-2016-07,0.698
06-2016-08,0.698
06-2016-09,0.279
06-2016-10,-0.281
06-2016-13,-0.069
06-2016-14,-0.192
06-2016-15,0.12
06-2016-16,-0.316
06-2016-17,-0.313
06-2016-20,0.698
06-2016-21,0.485
06-2016-22,0.216
06-2016-23,0.698
06-2016-24,-3.871
06-2016-27,-1.563
06-2016-28,0.698
06-2016-29,0.698
06-2016-30,0.691
07-2016-01,1.019
07-2016-05,-1.536
07-2016-06,-0.961
07-2016-07,-1.271
07-2016-08,1.187
07-2016-11,1.187
07-2016-12,1.187
07-2016-13,0.25
07-2016-14,1.187
07-2016-15,0.336
07-2016-18,0.462
07-2016-19,1.004
07-2016-20,0.569
07-2016-21,-1.561
07-2016-22,0.443
07-2016-25,-1.141
07-2016-26,-1.33
07-2016-27,0.22
07-2016-28,-0.919
07-2016-29,-0.444
08-2016-01,-0.55
08-2016-02,-2.431
08-2016-03,0.682
08-2016-04,0.773
08-2016-05,1.435
08-2016-08,0.43
08-2016-09,0.671
08-2016-10,-0.398
08-2016-11,1.435
08-2016-12,-0.073
08-2016-15,0.712
08-2016-16,-0.174
08-2016-17,-0.29
08-2016-18,0.596
08-2016-19,-0.933
08-2016-22,-0.305
08-2016-23,0.844
08-2016-24,-0.815
08-2016-25,0.433
08-2016-26,-1.907
08-2016-29,1.4
08-2016-30,-0.651
08-2016-31,-1.165
09-2016-01,-0.17
09-2016-02,0.73
09-2016-06,0.534
09-2016-07,0.414
09-2016-08,0.571
09-2016-09,-2.81
09-2016-12,0.643
09-2016-13,-1.793
09-2016-14,0.072
09-2016-15,0.942
09-2016-16,-0.727
09-2016-19,0.307
09-2016-20,0.492
09-2016-21,0.53
09-2016-22,1.056
09-2016-23,-0.43
09-2016-26,-0.574
09-2016-27,0.486
09-2016-28,0.318
09-2016-29,-1.749
09-2016-30,1.056
10-2016-03,-0.066
10-2016-04,-1.32
10-2016-05,1.192
10-2016-06,-0.756
10-2016-07,-1.23
10-2016-10,1.192
10-2016-11,-2.897
10-2016-12,0.354
10-2016-13,-0.938
10-2016-14,0.546
10-2016-17,-0.016
10-2016-18,0.933
10-2016-19,1.043
10-2016-20,0.648
10-2016-21,-0.514
10-2016-24,1.093
10-2016-25,0.283
10-2016-26,0.504
10-2016-27,-0.228
10-2016-28,-0.447
10-2016-31,0.429
11-2016-01,-3.638
11-2016-02,-0.862
11-2016-03,-0.627
11-2016-04,0.003
11-2016-07,0.948
11-2016-08,-0.12
11-2016-09,-0.417
11-2016-10,0.948
11-2016-11,0.006
11-2016-14,-0.339
11-2016-15,-0.152
11-2016-16,-0.823
11-2016-17,0.506
11-2016-18,-0.138
11-2016-21,0.62
11-2016-22,0.789
11-2016-23,0.629
11-2016-25,0.948
11-2016-28,-0.104
11-2016-29,0.909
11-2016-30,0.69
12-2016-01,0.656
12-2016-02,0.425
12-2016-05,-0.472
12-2016-06,0.064
12-2016-07,0.614
12-2016-08,0.137
12-2016-09,0.709
12-2016-12,0.368
12-2016-13,0.767
12-2016-14,-2.14
12-2016-15,0.904
12-2016-16,-1.198
12-2016-19,0.816
12-2016-20,0.9
12-2016-21,0.259
12-2016-22,-0.063
12-2016-23,0.676
12-2016-27,0.817
12-2016-28,-2.368
12-2016-29,-0.207
12-2016-30,-1.831
01-2017-03,-0.594
01-2017-04,1.173
01-2017-05,-0.939
01-2017-06,-0.093
01-2017-09,0.508
01-2017-10,0.585
01-2017-11,0.295
01-2017-12,-1.82
01-2017-13,0.109
01-2017-17,-0.106
01-2017-18,-0.319
01-2017-19,-1.401
01-2017-20,0.677
01-2017-23,0.124
01-2017-24,1.259
01-2017-25,1.425
01-2017-26,1.244
01-2017-27,0.785
01-2017-30,-1.872
01-2017-31,-1.25
02-2017-01,-2.09
02-2017-02,0.009
02-2017-03,1.14
02-2017-06,0.194
02-2017-07,-0.476
02-2017-08,-0.269
02-2017-09,1.14
02-2017-10,0.872
02-2017-13,0.493
02-2017-14,1.132
02-2017-15,0.798
02-2017-16,-1.785
02-2017-17,-0.168
02-2017-21,1.138
02-2017-22,0.185
02-2017-23,-1.798
02-2017-24,0.395
02-2017-27,-0.269
02-2017-28,-1.046
03-2017-01,1.116
03-2017-02,-1.044
03-2017-03,0.22
03-2017-06,0.404
03-2017-07,0.567
03-2017-08,-0.596
03-2017-09,-0.307
03-2017-10,-0.376
03-2017-13,0.241
03-2017-14,0.099
03-2017-15,0.868
03-2017-16,-0.121
03-2017-17,0.229
03-2017-20,0.617
03-2017-21,-3.833
03-2017-22,0.112
03-2017-23,0.684
03-2017-24,-1.248
03-2017-27,-0.118
03-2017-28,0.756
03-2017-29,0.288
03-2017-30,0.803
03-2017-31,0.468
04-2017-03,-1.869
04-2017-04,0.728
04-2017-05,-0.946
04-2017-06,0.464
04-2017-07,0.48
04-2017-10,0.204
04-2017-11,-1.525
04-2017-12,-0.492
04-2017-13,-1.01
04-2017-17,1.381
04-2017-18,-0.805
04-2017-19,-1.353
04-2017-20,1.381
04-2017-21,-0.224
04-2017-24,1.381
04-2017-25,1.246
04-2017-26,0.55
04-2017-27,0.161
04-2017-28,0.044
05-2017-01,-0.199
05-2017-02,0.28
05-2017-03,0.215
05-2017-04,-1.529
05-2017-05,0.511
05-2017-08,0.578
05-2017-09,-0.549
05-2017-10,-0.375
05-2017-11,-1.299
05-2017-12,0.521
05-2017-15,0.934
05-2017-16,0.025
05-2017-17,-3.382
05-2017-18,0.473
05-2017-19,0.752
05-2017-22,0.8
05-2017-23,0.715
05-2017-24,0.659
05-2017-25,0.731
05-2017-26,0.588
05-2017-30,0.302
05-2017-31,-0.931
06-2017-01,0.222
06-2017-02,0.631
06-2017-05,0.394
06-2017-06,0.382
06-2017-07,-0.155
06-2017-08,0.303
06-2017-09,-0.005
06-2017-12,-0.423
06-2017-13,0.847
06-2017-14,0.01
06-2017-15,0.334
06-2017-16,0.366
06-2017-19,0.698
06-2017-20,-0.134
06-2017-21,-0.467
06-2017-22,0.62
06-2017-23,0.038
06-2017-26,-0.072
06-2017-27,-0.882
06-2017-28,0.847
06-2017-29,-4.146
06-2017-30,0.442
07-2017-03,0.992
07-2017-05,-1.003
07-2017-06,-1.698
07-2017-07,0.916
07-2017-10,0.775
07-2017-11,-1.979
07-2017-12,1.006
07-2017-13,0.439
07-2017-14,0.754
07-2017-17,0.634
07-2017-18,-1.703
07-2017-19,0.928
07-2017-20,-0.467
07-2017-21,-1.0
07-2017-24,-0.856
07-2017-25,-0.39
07-2017-26,0.844
07-2017-27,0.331
07-2017-28,0.29
07-2017-31,0.967
08-2017-01,0.557
08-2017-02,0.233
08-2017-03,0.643
08-2017-04,0.296
08-2017-07,0.604
08-2017-08,0.214
08-2017-09,0.457
08-2017-10,-1.897
08-2017-11,0.16
08-2017-14,0.966
08-2017-15,-0.194
08-2017-16,0.381
08-2017-17,-3.687
08-2017-18,-0.687
08-2017-21,-0.444
08-2017-22,0.933
08-2017-23,0.134
08-2017-24,-0.505
08-2017-25,0.841
08-2017-28,-0.316
08-2017-29,0.084
08-2017-30,0.563
08-2017-31,0.459
09-2017-01,0.727
09-2017-05,-3.557
09-2017-06,0.403
09-2017-07,-0.756
09-2017-08,0.148
09-2017-11,0.877
09-2017-12,0.801
09-2017-13,0.709
09-2017-14,0.665
09-2017-15,0.048
09-2017-18,0.558
09-2017-19,0.68
09-2017-20,0.074
09-2017-21,-0.38
09-2017-22,0.123
09-2017-25,-1.34
09-2017-26,-0.053
09-2017-27,-0.785
09-2017-28,0.486
09-2017-29,0.319
10-2017-02,0.574
10-2017-03,0.72
10-2017-04,0.44
10-2017-05,0.413
10-2017-06,-0.013
10-2017-09,-0.24
10-2017-10,0.418
10-2017-11,0.61
10-2017-12,-0.076
10-2017-13,0.251
10-2017-16,0.615
10-2017-17,0.655
10-2017-18,0.749
10-2017-19,-0.598
10-2017-20,0.674
10-2017-23,-1.098
10-2017-24,0.671
10-2017-25,-3.697
10-2017-26,0.758
10-2017-27,-0.876
10-2017-30,-1.17
10-2017-31,-0.104
11-2017-01,-0.109
11-2017-02,-1.297
11-2017-03,-0.395
11-2017-06,0.722
11-2017-07,-0.84
11-2017-08,0.338
11-2017-09,-2.719
11-2017-10,0.181
11-2017-13,0.499
11-2017-14,-1.39
11-2017-15,-0.881
11-2017-16,0.991
11-2017-17,-0.594
11-2017-20,0.784
11-2017-21,0.991
11-2017-22,-0.836
11-2017-24,0.967
11-2017-27,0.831
11-2017-28,0.826
11-2017-29,0.773
11-2017-30,0.991
12-2017-01,-3.425
12-2017-04,-0.701
12-2017-05,-1.183
12-2017-06,0.382
12-2017-07,0.625
12-2017-08,0.378
12-2017-11,0.537
12-2017-12,0.693
12-2017-13,0.718
12-2017-14,-0.552
12-2017-15,0.78
12-2017-18,0.794
12-2017-19,-0.513
12-2017-20,-0.757
12-2017-21,0.662
12-2017-22,0.282
12-2017-26,0.712
12-2017-27,0.41
12-2017-28,0.683
12-2017-29,-0.641
01-2018-02,0.204
01-2018-03,0.736
01-2018-04,1.026
01-2018-05,1.009
01-2018-08,0.138
01-2018-09,1.0
01-2018-10,-0.088
01-2018-11,1.015
01-2018-12,0.979
01-2018-16,-2.493
01-2018-17,0.477
01-2018-18,-1.469
01-2018-19,0.492
01-2018-22,0.416
01-2018-23,0.163
01-2018-24,-1.132
01-2018-25,0.382
01-2018-26,0.531
01-2018-29,-0.806
01-2018-30,-1.068
01-2018-31,-1.655
02-2018-01,0.646
02-2018-02,-0.707
02-2018-05,-2.975
02-2018-06,0.006
02-2018-07,0.542
02-2018-08,-2.004
02-2018-09,-0.871
02-2018-12,0.703
02-2018-13,0.51
02-2018-14,0.708
02-2018-15,0.189
02-2018-16,0.786
02-2018-20,0.183
02-2018-21,0.306
02-2018-22,0.829
02-2018-23,0.772
02-2018-26,0.818
02-2018-27,-0.052
02-2018-28,-0.415
03-2018-01,-1.76
03-2018-02,0.293
03-2018-05,0.765
03-2018-06,-0.115
03-2018-07,0.06
03-2018-08,0.429
03-2018-09,1.192
03-2018-12,0.073
03-2018-13,-0.383
03-2018-14,-0.931
03-2018-15,0.766
03-2018-16,1.089
03-2018-19,-1.045
03-2018-20,1.192
03-2018-21,0.846
03-2018-22,-1.789
03-2018-23,-1.276
03-2018-26,0.763
03-2018-27,-1.691
03-2018-28,0.408
03-2018-29,1.085
04-2018-02,-2.317
04-2018-03,0.713
04-2018-04,0.292
04-2018-05,0.86
04-2018-06,-1.898
04-2018-09,0.502
04-2018-10,0.86
04-2018-11,0.325
04-2018-12,0.86
04-2018-13,-0.611
04-2018-16,0.848
04-2018-17,0.86
04-2018-18,0.427
04-2018-19,0.191
04-2018-20,-0.365
04-2018-23,0.168
04-2018-24,-2.4
04-2018-25,-0.212
04-2018-26,0.86
04-2018-27,0.219
04-2018-30,-0.213
05-2018-01,-1.583
05-2018-02,-0.696
05-2018-03,-1.545
05-2018-04,0.438
05-2018-07,0.729
05-2018-08,-0.076
05-2018-09,0.538
05-2018-10,1.078
05-2018-11,0.848
05-2018-14,1.068
05-2018-15,-0.413
05-2018-16,0.772
05-2018-17,0.196
05-2018-18,0.832
05-2018-21,1.221
05-2018-22,-0.915
05-2018-23,0.399
05-2018-24,-1.242
05-2018-25,0.373
05-2018-29,-2.034
05-2018-30,1.142
05-2018-31,-1.216
06-2018-01,1.118
06-2018-04,1.061
06-2018-05,-0.039
06-2018-06,1.118
06-2018-07,0.825
06-2018-08,0.656
06-2018-11,0.626
06-2018-12,0.061
06-2018-13,-0.335
06-2018-14,-0.111
06-2018-15,-1.236
06-2018-18,-0.137
06-2018-19,-0.956
06-2018-20,-0.394
06-2018-21,-1.345
06-2018-22,1.118
06-2018-25,-2.899
06-2018-26,0.687
06-2018-27,-0.865
06-2018-28,0.409
06-2018-29,0.544
07-2018-02,-0.367
07-2018-03,-2.54
07-2018-05,-0.793
07-2018-06,-0.141
07-2018-09,1.084
07-2018-10,1.097
07-2018-11,-1.095
07-2018-12,1.097
07-2018-13,0.469
07-2018-16,0.296
07-2018-17,0.324
07-2018-18,0.527
07-2018-19,-0.412
07-2018-20,0.142
07-2018-23,0.163
07-2018-24,1.097
07-2018-25,-0.126
07-2018-26,1.003
07-2018-27,-1.527
07-2018-30,-1.553
07-2018-31,1.097
08-2018-01,-1.429
08-2018-02,-0.791
08-2018-03,0.584
08-2018-06,0.301
08-2018-07,1.062
08-2018-08,0.271
08-2018-09,-0.257
08-2018-10,-1.361
08-2018-13,-1.292
08-2018-14,0.874
08-2018-15,-2.601
08-2018-16,1.062
08-2018-17,0.666
08-2018-20,0.909
08-2018-21,1.034
08-2018-22,-0.332
08-2018-23,-0.39
08-2018-24,1.062
08-2018-27,1.062
08-2018-28,0.317
08-2018-29,0.421
08-2018-30,-1.169
08-2018-31,-0.094
09-2018-04,-0.577
09-2018-05,0.53
09-2018-06,-0.253
09-2018-07,-0.984
09-2018-10,-1.077
09-2018-11,-0.156
09-2018-12,0.334
09-2018-13,1.107
09-2018-14,-0.417
09-2018-17,-0.779
09-2018-18,1.412
09-2018-19,1.284
09-2018-20,1.412
09-2018-21,0.583
09-2018-24,-1.416
09-2018-25,-0.864
09-2018-26,-1.975
09-2018-27,0.72
09-2018-28,0.977
10-2018-01,1.077
10-2018-02,0.999
10-2018-03,0.904
10-2018-04,-0.201
10-2018-05,-0.278
10-2018-08,0.36
10-2018-09,0.489
10-2018-10,-2.519
10-2018-11,-1.464
10-2018-12,-0.59
10-2018-15,0.722
10-2018-16,1.087
10-2018-17,0.152
10-2018-18,-0.602
10-2018-19,0.794
10-2018-22,0.031
10-2018-23,-0.025
10-2018-24,-1.551
10-2018-25,0.712
10-2018-26,-0.253
10-2018-29,-1.786
10-2018-30,0.813
10-2018-31,1.087
11-2018-01,0.76
11-2018-02,-1.113
11-2018-05,0.953
11-2018-06,0.908
11-2018-07,0.825
11-2018-08,0.626
11-2018-09,-0.554
11-2018-12,-2.551
11-2018-13,0.231
11-2018-14,-1.608
11-2018-15,-0.597
11-2018-16,0.417
11-2018-19,-1.831
11-2018-20,-0.461
11-2018-21,0.509
11-2018-23,0.57
11-2018-26,0.953
11-2018-27,0.155
11-2018-28,0.953
11-2018-29,0.155
11-2018-30,0.635
12-2018-03,1.247
12-2018-04,-1.748
12-2018-06,-0.573
12-2018-07,-1.227
12-2018-10,-0.499
12-2018-11,-0.59
12-2018-12,1.761
12-2018-13,1.278
12-2018-14,-0.003
12-2018-17,-0.737
12-2018-18,0.568
12-2018-19,-0.74
12-2018-20,-0.972
12-2018-21,-0.48
12-2018-24,-0.714
12-2018-26,1.077
12-2018-27,0.057
12-2018-28,0.666
12-2018-31,1.593
01-2019-02,0.046
01-2019-03,-3.12
01-2019-04,1.055
01-2019-07,-0.285
01-2019-08,0.288
01-2019-09,-0.04
01-2019-10,0.218
01-2019-11,-0.046
01-2019-14,0.16
01-2019-15,0.852
01-2019-16,0.898
01-2019-17,0.603
01-2019-18,0.472
01-2019-22,-1.765
01-2019-23,-1.041
01-2019-24,-0.165
01-2019-25,0.974
01-2019-28,-1.064
01-2019-29,0.934
01-2019-30,0.779
01-2019-31,0.183
02-2019-01,0.464
02-2019-04,-0.119
02-2019-05,1.06
02-2019-06,0.23
02-2019-07,-2.652
02-2019-08,-1.168
02-2019-11,-0.809
02-2019-12,1.064
02-2019-13,1.064
02-2019-14,-1.073
02-2019-15,1.064
02-2019-19,0.646
02-2019-20,0.703
02-2019-21,-1.18
02-2019-22,1.064
02-2019-25,0.427
02-2019-26,-0.135
02-2019-27,-0.594
02-2019-28,-0.165
03-2019-01,0.305
03-2019-04,-3.086
03-2019-05,0.32
03-2019-06,-0.362
03-2019-07,-1.265
03-2019-08,0.391
03-2019-11,1.185
03-2019-12,0.532
03-2019-13,0.634
03-2019-14,0.592
03-2019-15,0.589
03-2019-18,1.05
03-2019-19,-0.261
03-2019-20,-0.464
03-2019-21,0.929
03-2019-22,-1.685
03-2019-25,0.195
03-2019-26,0.309
03-2019-27,-0.915
03-2019-28,0.21
03-2019-29,0.72
04-2019-01,1.536
04-2019-02,-0.457
04-2019-03,-0.646
04-2019-04,1.599
04-2019-05,0.326
04-2019-08,0.101
04-2019-09,-1.573
04-2019-10,-0.031
04-2019-11,-1.238
04-2019-12,0.523
04-2019-15,-0.459
04-2019-16,-0.316
04-2019-17,-0.127
04-2019-18,1.186
04-2019-22,0.43
04-2019-23,1.381
04-2019-24,0.032
04-2019-25,-1.021
04-2019-26,0.205
04-2019-29,0.726
04-2019-30,-2.36
05-2019-01,-0.335
05-2019-02,-0.435
05-2019-03,1.11
05-2019-06,0.276
05-2019-07,-2.283
05-2019-08,0.86
05-2019-09,-1.391
05-2019-10,-0.911
05-2019-13,-1.278
05-2019-14,1.175
05-2019-15,0.762
05-2019-16,1.175
05-2019-17,0.733
05-2019-20,0.502
05-2019-21,1.155
05-2019-22,0.725
05-2019-23,-1.167
05-2019-24,0.785
05-2019-28,-0.772
05-2019-29,-0.906
05-2019-30,0.655
05-2019-31,-0.506
06-2019-03,-1.412
06-2019-04,1.265
06-2019-05,-0.12
06-2019-06,0.381
06-2019-07,1.265
06-2019-10,0.623
06-2019-11,-1.987
06-2019-12,-0.196
06-2019-13,0.527
06-2019-14,-0.314
06-2019-17,0.214
06-2019-18,1.246
06-2019-19,-0.079
06-2019-20,-0.984
06-2019-21,0.491
06-2019-24,1.189
06-2019-25,-2.385
06-2019-26,0.136
06-2019-27,0.22
06-2019-28,-0.232
07-2019-01,-0.885
07-2019-02,0.085
07-2019-03,0.897
07-2019-05,-0.364
07-2019-08,0.049
07-2019-09,0.343
07-2019-10,0.539
07-2019-11,0.586
07-2019-12,0.867
07-2019-15,0.24
07-2019-16,0.348
07-2019-17,-0.063
07-2019-18,-0.258
07-2019-19,-0.044
07-2019-22,0.1
07-2019-23,0.648
07-2019-24,0.234
07-2019-25,-0.84
07-2019-26,0.502
07-2019-29,0.772
07-2019-30,0.192
07-2019-31,-4.052
08-2019-01,-0.539
08-2019-02,-0.282
08-2019-05,-2.545
08-2019-06,0.608
08-2019-07,-0.75
08-2019-08,0.863
08-2019-09,-0.084
08-2019-12,-0.607
08-2019-13,0.827
08-2019-14,-1.69
08-2019-15,0.237
08-2019-16,1.103
08-2019-19,1.103
08-2019-20,0.434
08-2019-21,1.085
08-2019-22,0.247
08-2019-23,-2.005
08-2019-26,0.559
08-2019-27,-0.348
08-2019-28,0.728
08-2019-29,0.789
08-2019-30,0.207
09-2019-03,-1.208
09-2019-04,0.614
09-2019-05,1.259
09-2019-06,0.341
09-2019-09,0.092
09-2019-10,0.264
09-2019-11,0.782
09-2019-12,0.224
09-2019-13,1.004
09-2019-16,-0.013
09-2019-17,0.968
09-2019-18,-0.717
09-2019-19,-0.107
09-2019-20,-0.709
09-2019-23,1.034
09-2019-24,-2.431
09-2019-25,0.016
09-2019-26,-0.986
09-2019-27,-1.784
09-2019-30,1.259
10-2019-01,-2.23
10-2019-02,-2.631
10-2019-03,-1.412
10-2019-04,0.895
10-2019-07,0.288
10-2019-08,-0.172
10-2019-09,0.439
10-2019-10,0.873
10-2019-11,0.895
10-2019-14,0.761
10-2019-15,0.895
10-2019-16,0.669
10-2019-17,0.411
10-2019-18,-0.934
10-2019-21,0.075
10-2019-22,0.366
10-2019-23,0.191
10-2019-24,-0.507
10-2019-25,0.709
10-2019-28,0.805
10-2019-29,0.729
10-2019-30,0.028
10-2019-31,-1.213
11-2019-01,1.105
11-2019-04,1.105
11-2019-05,0.278
11-2019-06,-0.576
11-2019-07,1.105
11-2019-08,-0.794
11-2019-11,-0.01
11-2019-12,-0.069
11-2019-13,0.488
11-2019-14,-0.316
11-2019-15,1.105
11-2019-18,0.68
11-2019-19,-2.174
11-2019-20,-2.511
11-2019-21,-0.877
11-2019-22,0.091
11-2019-25,1.105
11-2019-26,0.422
11-2019-27,-0.333
11-2019-29,0.031
12-2019-02,-2.573
12-2019-03,-0.945
12-2019-04,0.723
12-2019-05,-0.906
12-2019-06,0.967
12-2019-09,0.092
12-2019-10,-0.078
12-2019-11,0.258
12-2019-12,0.551
12-2019-13,-0.064
12-2019-16,0.967
12-2019-17,0.954
